Molecule_ChEMBL_IDs,Class,BCUTc-1l,BCUTi-1h,BCUTv-1h,PEOE_VSA2,BCUTi-1l,BCUTZ-1h,BCUTs-1l,SlogP_VSA5,Xch-6dv,BCUTd-1h,BCUTZ-1l,SMR_VSA3,Xc-5d,BCUTs-1h,BCUTp-1l,BCUTpe-1l,EState_VSA1,EState_VSA6,piPC9,BCUTdv-1l,BCUTare-1l,Xch-7dv,Xch-6d,ATSC1i
CHEMBL4073227,0,-0.502304187,13.65145399,20.86225109,4.794537184,10.97933399,8.03899817,1.366243177,49.22817536,0.014731391,3.253656633,5.71794375,0.0,0.23570226,7.009366217,0.720629625,2.259893229,5.625586319,0.0,3.960217754,0.987144348,2.21136625,0.030384506,0.055555556,-1.389746266
CHEMBL592967,0,-0.488697832,13.64293331,20.89910031,4.794537184,10.94649106,8.029016462,1.246862968,62.67953631,0.041666667,3.250308769,5.685966885,0.0,0.189678531,7.008272644,0.74148298,2.234398357,0.0,6.066367068,5.579140029,0.987938065,2.184675209,0.091074783,0.111111111,2.874767708
CHEMBL4063015,0,-0.503232628,13.65122268,20.86181714,0.0,10.98018563,8.038778256,1.337955957,44.43363818,0.014731391,3.235583552,5.718928373,0.0,0.19245009,7.008281981,0.720630012,2.261775121,0.0,6.066367068,3.960217754,0.987143983,2.213095816,0.033435477,0.055555556,-1.511884253
CHEMBL269138,0,-0.502309423,13.6514654,20.86317585,4.794537184,10.9793418,8.039011989,1.317304207,100.5947483,0.014731391,3.253696675,5.717951578,0.0,0.23570226,7.009369507,0.720622187,2.259900853,5.625586319,0.0,5.156717799,0.98714361,2.211373951,0.030384506,0.055555556,-1.581677389
CHEMBL577683,0,-0.52936092,14.54022655,24.43422539,10.11132579,10.33809144,16.00200223,0.622304115,10.9373243,0.172115345,3.13524371,5.694209043,5.316788604,0.25,7.008291248,0.741562665,2.242683877,12.01114612,18.87168249,5.238102817,0.6549453,2.192414436,0.208533107,0.219416097,0.817632067
CHEMBL2281929,0,-0.473216421,14.59475189,20.92221753,10.11431827,10.93591312,8.054887607,1.174974023,52.37717509,0.13806234,4.035110984,5.675282562,0.0,1.224275069,8.001939815,0.66920918,2.224300783,33.74220265,36.39820241,7.881819513,0.988937137,2.17449423,0.216368388,0.449764117,16.40486157
CHEMBL4569198,0,-0.524936206,14.7511521,20.90594353,23.82195547,10.94723903,8.028843509,1.155801369,85.3138087,0.289864008,3.226961292,5.68676335,24.54494801,1.03963478,7.010490432,0.743835498,2.235475461,66.49470291,35.14411478,7.107579025,1.808940322,2.185710416,0.310006274,0.920914137,-0.89757798
CHEMBL3116163,0,-0.528621869,17.43070144,26.5238937,4.794537184,10.93816711,35.00041834,1.042557625,30.53782887,0.171737912,4.022111822,5.678322357,4.899909731,0.901160043,8.007391459,0.52697364,2.22686063,11.73975001,24.15209445,7.386587013,0.256010369,2.176668845,0.2597827,0.422725606,-8.836916672
CHEMBL2152635,0,-0.459440924,13.64294919,26.52493429,0.0,10.93867024,35.00142639,1.042657662,11.12690298,0.09188239,3.193410753,5.679462697,0.0,0.469416097,7.008273895,0.741434323,2.2274208,5.969305288,36.40785545,7.10239647,0.255073894,2.177037196,0.188903913,0.355904746,5.868190443
CHEMBL1076430,0,-0.528821608,13.63150469,20.90833793,0.0,10.94518938,8.015255938,1.137937657,36.64179526,0.14505752,4.029992262,5.684726536,0.0,0.598164584,6.002809185,0.775240755,2.233577763,5.601050811,26.35232922,7.506505925,0.992329567,2.183781692,0.276832494,0.394614447,-4.865114508
CHEMBL256070,0,-0.352172656,14.63720705,20.90111363,20.44065716,10.94934316,8.023287594,1.499737557,15.92144017,0.06415003,3.135936561,5.689008107,10.85158279,0.11785113,7.009355459,0.750663707,2.238886548,5.907179729,30.34148838,5.476202011,2.733905715,2.188911371,0.034556026,0.204124145,10.75589819
CHEMBL4457204,0,-0.527922278,14.63721634,20.90181562,20.44065716,10.9479849,8.024217516,1.419350249,15.92144017,0.052908348,3.233419794,5.687434254,10.85158279,0.253933894,7.0093587,0.750663707,2.235768757,11.81435946,48.54058959,6.009120264,0.996623265,2.186068957,0.053581156,0.157617628,-0.512611622
CHEMBL4856244,0,-0.408484755,14.64355122,26.52493957,5.008912524,10.91243743,35.00142737,1.043132093,22.60826052,0.153669868,3.332251908,5.649470715,9.967957042,0.662321195,3.041722818,0.954228635,2.196054215,0.0,0.0,9.434149951,0.255072043,2.146916987,0.309919777,0.471286847,0.073881681
CHEMBL476894,0,-0.410450191,14.56215044,20.82880389,14.77092044,11.01390429,8.029973812,1.209357625,19.06954442,0.042855807,3.209847018,5.752312802,19.7677765,0.604092832,7.010469062,0.741048742,2.298818249,41.98177763,7.047671983,6.187108425,0.996963222,2.249879272,0.063950427,0.136082763,-19.29552731
CHEMBL3234305,0,-0.535485508,17.43122362,20.91646559,9.694446915,10.93372753,9.0144789,1.191723802,59.882596,0.158976008,4.023746869,5.669631319,29.67426431,1.572231615,8.007947321,0.526831213,2.213236493,46.0992841,17.011333,8.323187389,0.989892159,2.164607546,0.237218888,0.477883424,-16.16327223
CHEMBL3234301,0,-0.45834295,17.43122386,20.91945485,9.694446915,10.93372745,9.014477129,1.191719929,59.68580008,0.168370562,4.023748725,5.669631244,29.67426431,1.572231615,8.007947776,0.526833886,2.213236437,34.51851802,4.681802935,8.35226327,0.989890354,2.164607487,0.234254166,0.496612163,-11.52871319
CHEMBL3234302,0,-0.458343312,17.43122466,20.91711594,14.67842544,10.93372747,9.014477934,1.191720065,59.68580008,0.161140747,4.023748725,5.669631267,34.65824283,1.572231615,8.007947922,0.52683273,2.213236455,40.05744327,17.07549008,8.35226327,0.989890858,2.164607506,0.23008003,0.496612163,-17.66331163
CHEMBL427087,0,-0.381415139,13.6399108,20.90319026,14.38361155,10.94176777,8.025157974,1.255332926,51.34226205,0.015625,3.315816371,5.681010811,0.0,0.52113716,7.010832809,0.752343455,2.227836017,39.72213492,13.8474744,4.466626252,0.988918656,2.178393254,0.046817833,0.037037037,6.489860557
CHEMBL4448570,0,-0.457345854,13.64408553,20.88202584,9.589074368,10.9697625,8.030256384,1.074011554,52.87531971,0.206041785,4.051525145,5.709300254,0.0,1.147861432,7.009358705,0.74058224,2.258057894,22.90325261,0.0,6.251903883,0.992425186,2.208291669,0.594681389,0.39475634,4.807528272
CHEMBL463110,0,-0.530670594,13.63759667,20.91833217,0.0,10.93652665,8.022931215,1.12536095,45.09421238,0.169929094,4.0230148,5.676162107,0.0,0.845447549,6.003769474,0.75097738,2.225690114,5.601050811,6.066367068,7.936836047,0.992047589,2.175776099,0.343487494,0.425366474,5.525621686
CHEMBL5559209,0,-0.405562214,14.55913867,20.92436558,0.0,10.91902099,7.073996168,1.239672541,31.24673798,0.08883545,3.06070674,5.658245707,9.967957042,0.0,4.005316327,0.987048882,2.207645598,0.0,12.39368714,5.564041365,1.838814635,2.157799196,0.05404023,0.185395406,-1.97774942
CHEMBL3234307,0,-0.458343982,17.43122659,20.94195758,9.694446915,10.9130395,9.014483141,1.191713971,59.68580008,0.188129586,4.02376263,5.65266149,29.67426431,1.685633918,8.007950528,0.526828517,2.202573274,40.05744327,0.0,8.621452554,0.989886454,2.152594909,0.28732871,0.545924805,-7.75887954
CHEMBL3781432,0,-0.47540268,17.42477323,20.91491954,9.778515705,10.93739013,9.004070405,1.279016081,22.91825565,0.178256094,3.254616105,5.676387996,14.97686957,0.532117557,8.001920204,0.545853898,2.225520669,17.95230174,48.92236606,7.582816054,2.751695342,2.175732921,0.200297705,0.627033725,-3.784712829
CHEMBL3234312,0,-0.458344388,17.4312272,20.92216013,9.694446915,10.9337272,9.014484262,1.218998807,102.3893694,0.267682403,4.022143949,5.669631028,29.67426431,1.460829306,8.007950858,0.526826576,2.213236301,34.51851802,0.0,8.414374581,0.988916124,2.164607335,0.280677304,0.589061313,-8.386367053
CHEMBL436832,0,-0.372515494,14.56956061,20.83456065,0.0,11.01653878,7.098073651,1.130870123,123.001442,0.255998417,4.020016998,5.755533062,19.85184529,0.0,3.068002054,0.960170776,2.304658701,0.0,0.0,6.434947722,0.987143621,2.254883268,0.696665208,0.312859459,-25.08913591
CHEMBL3234308,0,-0.528753925,17.43122835,20.94219031,9.694446915,10.91272255,9.014489006,1.19171331,59.68580008,0.184906658,4.023768537,5.652295562,29.67426431,1.741189473,8.007952105,0.526821245,2.201862036,40.05744327,7.109797541,8.672162286,0.989565302,2.151944348,0.288102989,0.533438979,-11.6397752
CHEMBL2281927,0,-0.473524212,14.59474992,20.92210023,10.11431827,10.93609013,8.05481115,1.17598991,52.37717509,0.141285268,4.034977253,5.675484694,0.0,1.106161377,8.001939277,0.669212389,2.224723561,16.49366715,36.39820241,7.828834528,0.988937304,2.174876806,0.212532393,0.462249944,14.05067036
CHEMBL3234303,0,-0.527827641,17.43122913,20.91985633,9.694446915,10.93372717,9.014494724,1.191713833,59.68580008,0.15712888,4.023766271,5.669630996,29.67426431,1.741189473,8.007952501,0.526812167,2.213236275,46.0992841,10.74817,8.438092488,0.989140654,2.164607308,0.253279296,0.450105646,-23.53093317
CHEMBL3586147,0,-0.38763383,14.69166275,20.89116309,24.80207445,10.95392116,8.05477971,1.199512127,28.70718118,0.042211535,3.162815352,5.692877054,25.81491935,0.476967887,8.001939716,0.669211565,2.241911518,35.49035969,0.0,5.229101256,1.895318723,2.192138486,0.043035831,0.166666667,-0.163732438
CHEMBL3234316,0,-0.528754928,17.4312297,20.94253437,9.694446915,10.91272253,9.014491896,1.218999682,77.06053742,0.288515736,4.022149448,5.652295587,29.67426431,1.463120498,8.007953236,0.526818504,2.201862228,34.51851802,7.109797541,8.686796188,0.997559762,2.151944487,0.320969631,0.644616868,-8.830384836
CHEMBL5288022,0,-0.488197779,14.56216907,20.89038874,14.77092044,10.95524866,8.030152431,1.209312146,24.63299591,0.074930822,3.209982665,5.694935544,19.7677765,0.564235114,7.010460211,0.740997918,2.244841213,41.98177763,13.12369209,6.486541814,0.996960118,2.194858239,0.086630887,0.238144836,-16.05403211
CHEMBL3234395,0,-0.4859238,13.6432008,22.45706009,0.0,10.94542578,17.00212612,1.278364024,48.1740093,0.036458333,3.316674869,5.686209027,0.0,0.684729088,7.0082743,0.741338942,2.231134106,5.969305288,6.066367068,7.411405219,0.773086903,2.17985517,0.113928825,0.092592593,2.136568902
CHEMBL376009,0,-0.495480364,14.54023729,24.43423609,14.38361155,10.3376101,16.00200359,0.626562939,41.48718895,0.043402778,3.275838524,5.68264529,5.316788604,0.425380792,7.010442488,0.741432925,2.229460917,5.969305288,31.18920547,6.486017867,0.656206379,2.179095673,0.085526871,0.12037037,-1.348039966
CHEMBL463212,0,-0.496128899,13.64533387,20.91475822,0.0,10.93982707,8.031527281,1.375362314,11.12690298,0.111493101,3.298232267,5.679404016,0.0,0.456324323,7.009361061,0.740375781,2.228506955,11.93861058,60.66367068,7.048060552,0.997573733,2.17867005,0.092429073,0.451980828,-0.029092525
CHEMBL154191,0,-0.330760646,14.54022477,24.43422497,10.11132579,10.33809223,16.00200199,0.622304773,10.9373243,0.176412582,3.13477691,5.694837264,5.316788604,0.25,7.008290706,0.74158382,2.243892432,12.01114612,11.76188495,4.848606441,0.654947538,2.19349699,0.199673887,0.238144836,4.384227184
CHEMBL5285039,0,-0.493305045,14.56216086,20.82912135,14.77092044,11.01390824,8.030142824,1.209312049,38.83492486,0.042855807,3.209894303,5.752317444,19.7677765,0.564235114,7.010457962,0.741001516,2.29882808,36.0745979,19.1997122,6.277934948,0.987853109,2.249888686,0.063950427,0.136082763,-23.1058862
CHEMBL3781305,0,-0.475402727,14.64332122,20.9149355,9.778515705,10.93739013,8.022289958,1.279016066,22.91825565,0.178256094,3.254616105,5.676387992,14.97686957,0.532117557,7.008273127,0.751670099,2.225520647,6.227901171,54.86790966,7.582816054,2.751688304,2.175732904,0.202221292,0.627033725,-0.60555529
CHEMBL387359,0,-0.495479467,14.54024309,24.43423578,14.38361155,10.33761067,16.00200349,0.626563553,41.48718895,0.043402778,3.275951585,5.682644313,5.316788604,0.425380792,7.010441872,0.741433663,2.22945644,5.969305288,31.18920547,6.446562718,0.656206916,2.179091431,0.085526871,0.12037037,-1.270129022
CHEMBL5279347,0,-0.493306398,14.56216589,20.82939624,14.77092044,11.01390822,8.030148031,1.209312045,51.67656811,0.042855807,3.209906324,5.752317419,19.7677765,0.564235114,7.010459203,0.741000554,2.298828001,36.0745979,19.1997122,6.287277536,0.987852178,2.249888627,0.063950427,0.136082763,-22.4610531
CHEMBL553226,0,-0.458916974,13.64298631,20.90203775,4.794537184,10.9460825,8.029086953,1.32740926,77.8496971,0.018042196,3.276541599,5.685493592,0.0,0.326573065,7.008275435,0.741236081,2.233475748,5.969305288,6.066367068,6.015089517,0.987588873,2.183831401,0.049018644,0.045360921,0.713890367
CHEMBL3343758,0,-0.498376705,14.54028854,20.91141474,4.794537184,10.93891145,8.029611216,1.096054167,75.98649581,0.111171689,4.039773104,5.678609102,5.316788604,1.233974661,7.009361238,0.740884523,2.228601248,24.03301855,0.0,6.497575951,0.988432014,2.178602846,0.353413638,0.16718494,0.893840815
CHEMBL3967885,0,-0.498376904,14.54028851,20.89146251,4.794537184,10.95977472,8.029610988,1.085336776,66.21987854,0.126718394,4.039663873,5.699467966,5.316788604,1.233974661,7.00936115,0.740884404,2.249444648,24.03301855,0.0,6.12249281,0.98843112,2.199449501,0.380856035,0.16718494,0.755508704
CHEMBL369741,0,-0.528832547,13.63109899,20.96474669,0.0,10.89318998,8.014642439,1.323381572,11.12690298,0.136280248,3.330930226,5.632822367,0.0,0.713531279,6.006000461,0.77602845,2.182356746,0.0,50.61779749,9.113232601,0.996623368,2.132438003,0.278823696,0.337915717,12.34160168
CHEMBL583062,0,-0.477436114,14.55716577,20.91455196,9.589074368,10.93703276,8.02983692,1.200357945,81.43846124,0.270552723,4.017089544,5.676101659,30.90230137,0.455118357,7.010458006,0.740334363,2.225343398,29.68515227,20.7712116,6.829071348,0.989887194,2.175532748,0.234472468,0.642956339,-9.821427136
CHEMBL575042,0,-0.498514514,14.55970429,20.79810547,10.20382079,11.0505358,8.02947307,1.22279689,62.3819899,0.143517746,3.138706591,5.788143325,20.60153425,0.36785113,7.009361004,0.740882696,2.331073308,23.96016668,0.0,5.239098007,0.997567961,2.28343613,0.103735664,0.253436788,-7.744565893
CHEMBL3402105,0,-0.530288485,13.63930336,20.91236619,4.794537184,10.94246952,8.024763038,1.256958923,34.12875536,0.087297292,3.254003797,5.682053039,0.0,0.47713601,7.008281995,0.748893919,2.23112339,23.70309024,0.0,7.736470839,0.995943359,2.181304109,0.137220588,0.277777778,4.034517504
CHEMBL3780593,0,-0.475406936,14.64340925,20.91492978,19.89283397,10.93739013,8.054630239,1.279015309,22.91825565,0.178256094,3.254600009,5.676387994,14.97686957,0.580933093,8.001939251,0.669216542,2.225520662,17.05839195,42.85599899,7.61614315,2.751970181,2.175732916,0.203687581,0.627033725,3.258808975
CHEMBL5205250,0,-0.532754766,13.63969279,20.92382395,4.794537184,10.92634987,8.025018421,1.182911059,25.83174751,0.056829848,4.017056041,5.665320813,0.0,0.604318904,7.008283264,0.749728515,2.210171505,16.77935304,19.91384147,8.091416952,0.992567481,2.161084647,0.106000481,0.168957858,6.520845651
CHEMBL3782032,0,-0.475406956,14.64340926,20.9149429,19.89283397,10.93739013,8.054630384,1.279015346,22.91825565,0.178256094,3.254902569,5.676387986,14.97686957,0.618390572,8.00193925,0.669216839,2.225520623,17.05839195,48.92236606,7.623502564,2.751680712,2.175732887,0.203687581,0.627033725,3.258808975
CHEMBL5287496,0,-0.52884849,13.62816003,20.92698074,0.0,10.92475597,8.011730272,1.328435979,22.25380597,0.070125529,3.291980706,5.664348546,0.0,0.578789776,6.003865306,0.776596269,2.213600274,0.0,13.17616461,7.327410891,0.995022782,2.163731926,0.177888197,0.156472032,5.222207941
CHEMBL3586140,0,-0.38764561,14.5949471,20.89162318,19.70339264,10.95392105,8.054791267,1.199511928,50.19234762,0.027777778,3.162303165,5.692876977,21.26715442,0.359116756,8.00194105,0.669207852,2.241911465,29.58317996,0.0,5.092215281,1.837439751,2.192138429,0.029926396,0.083333333,-2.30255315
CHEMBL1811938,0,-0.370933507,13.63687754,20.91047046,4.794537184,10.93792501,8.022086904,1.333809691,67.93938975,0.018042196,3.276382778,5.677399575,0.0,0.326573065,7.008815637,0.753292752,2.225824102,0.0,6.076020107,6.006814876,0.98765814,2.176101928,0.049728523,0.045360921,4.358487137
CHEMBL1631111,0,-0.388208799,13.64358908,20.88364063,4.794537184,10.96440156,8.029592005,1.132176523,45.95158251,0.367371494,4.030805015,5.703887221,0.0,0.773436619,7.009376329,0.741463548,2.252302905,30.38517084,6.076020107,5.648974238,0.987846617,2.202593746,0.516625403,1.045381356,4.839645402
CHEMBL443135,0,-0.296048837,13.62437514,20.89345528,0.0,10.95312243,8.007308795,1.311304976,69.77166772,0.024056261,3.092562206,5.692617146,0.0,0.0,6.003871596,0.787131562,2.241183152,0.0,12.13273414,4.47946523,1.812584486,2.191435894,0.03852692,0.068041382,4.294947333
CHEMBL3634703,0,-0.524880446,13.6464675,20.92754781,4.794537184,10.92812348,8.032606619,1.306496018,179.0740963,0.048112522,3.185252849,5.667681808,0.0,0.166666667,7.010468542,0.740249733,2.216629836,11.93861058,48.55024262,7.125182523,0.98714361,2.166823594,0.067061488,0.136082763,-11.2938133
CHEMBL1078919,0,-0.500530443,14.53781312,20.86026494,4.794537184,11.00187595,8.029441262,1.073885026,78.55860621,0.357269357,4.034597492,5.741486657,0.0,1.338752971,7.008276133,0.740960426,2.290942226,11.7050172,0.0,5.897153868,0.99340377,2.241042099,0.908879497,0.357269357,14.20802618
CHEMBL3402106,0,-0.530469157,13.63970887,20.90943785,4.794537184,10.94549611,8.025131001,1.256958849,28.56530387,0.087297292,3.254016073,5.684981531,0.0,0.47713601,7.008282325,0.748878097,2.233384094,23.70309024,13.18581765,7.756890736,0.997571855,2.183680469,0.120783041,0.277777778,1.097471673
CHEMBL1806811,0,-0.308820489,13.62466538,24.44071666,0.0,10.31139165,17.00110306,0.609986759,0.0,0.19081481,3.208564476,5.690111449,0.0,0.330933093,6.003955905,0.784260374,2.234851209,0.0,12.13273414,5.869605834,0.650324666,2.181292266,0.150334026,0.253933894,8.135206956
CHEMBL1813664,0,-0.371066143,13.63687747,20.9060374,4.794537184,10.9414323,8.022086794,1.315351098,74.36021137,0.018042196,3.276326426,5.680889384,0.0,0.326573065,7.008815584,0.753292738,2.229191571,0.0,6.066367068,5.60557226,0.987657885,2.179490983,0.052069615,0.045360921,4.184147652
CHEMBL1911899,0,-0.477958503,17.42477438,24.4417314,14.2974037,10.31911951,16.01326286,0.30034456,38.00208097,0.087630571,4.043918898,5.694085825,4.899909731,0.716312843,8.00298222,0.54584254,2.241688517,49.23978577,51.10304694,6.517855894,0.645334097,2.188126311,0.096568966,0.268728739,-8.436464403
CHEMBL2376536,0,-0.529836289,14.54907882,20.94730925,0.0,10.91142141,8.012345672,1.242530109,22.60826052,0.224946561,3.282278969,5.651116803,9.967957042,0.506873575,3.514879752,0.776050129,2.201101359,0.0,14.21959508,8.666229251,0.996623366,2.151104432,0.298072485,0.670734117,1.242121425
CHEMBL1221517,0,-0.496000487,13.64343493,20.89934147,9.589074368,10.94620736,8.029477958,1.317308848,68.2938443,0.020833333,3.251233565,5.685636784,0.0,0.212690396,7.009359989,0.741445658,2.233729514,5.969305288,6.9237372,5.046645732,0.987188041,2.184067947,0.043781958,0.055555556,0.548374637
CHEMBL572491,0,-0.477433993,14.55716277,20.91430911,9.589074368,10.93703276,8.029832404,1.200358911,68.59681799,0.265165233,4.017087965,5.676101659,30.90230137,0.455118357,7.010456763,0.740335894,2.225343398,29.68515227,26.96805517,6.774031904,0.989891641,2.175532748,0.258547761,0.707560933,-9.675372279
CHEMBL5286925,0,-0.511024626,14.54786792,20.91160026,4.983978521,10.93729142,8.029247029,1.07855867,45.95158251,0.186983121,4.039631116,5.67415552,4.983978521,1.274213823,7.008276386,0.741454549,2.220620914,17.62292324,6.196843572,7.201517463,0.995025458,2.171451284,0.445588215,0.473461713,1.103484885
CHEMBL5180194,0,-0.532741238,13.6396928,20.92382322,4.794537184,10.92635241,8.025018436,1.182911059,25.83174751,0.056829848,4.017056041,5.665323621,0.0,0.604318904,7.008283264,0.749728622,2.210175404,16.77935304,13.8474744,8.101824517,0.992567482,2.16108844,0.106000481,0.168957858,6.520845651
CHEMBL3740593,0,-0.522576261,13.63885109,20.88683861,9.589074368,10.95874284,8.024130818,1.140089229,41.03950762,0.438249762,4.036227778,5.697942498,0.0,0.930717794,7.009358766,0.752487006,2.244370918,16.98534657,20.7712116,5.924255797,0.988169072,2.195009937,0.707182215,1.177474491,-0.509596183
CHEMBL575459,0,-0.498516731,14.55685537,20.91097857,4.794537184,10.93703276,8.031948044,1.200363583,32.02859109,0.121312276,4.017076237,5.676101659,25.58551277,0.371785024,7.010451301,0.739593467,2.225343398,35.65445756,33.16489874,6.442173111,0.989582337,2.175532748,0.123270859,0.389519551,-17.49365384
CHEMBL4293530,0,-0.491846358,14.55620126,20.8023695,43.97626634,11.06001939,8.040757329,1.171067507,124.0072731,0.0,3.186830815,5.797732933,36.71037847,1.34533821,7.017159009,0.740241885,2.342080926,127.4971247,0.0,5.262690189,0.987667866,2.293324333,0.0,0.0,-16.6384302
CHEMBL5279964,0,-0.492868358,14.56217159,20.89150566,14.77092044,10.95453804,8.030154459,1.20931206,24.63299591,0.074930822,3.209987432,5.694236322,19.7677765,0.564235114,7.010460832,0.741000028,2.244224011,41.98177763,19.1997122,6.422028689,0.996959356,2.194226233,0.086630887,0.238144836,-15.91461785
CHEMBL5267440,0,-0.493325586,14.56215834,20.82900209,14.77092044,11.01390823,8.030140239,1.209312069,32.41410324,0.042855807,3.209888307,5.752317435,19.7677765,0.564235114,7.010457343,0.741001767,2.298828041,36.0745979,13.12369209,6.268504252,0.987855677,2.249888654,0.063950427,0.136082763,-23.47277767
CHEMBL3782015,0,-0.475402121,14.64332022,22.45586895,9.778515705,10.93739013,17.00110371,1.279008996,22.91825565,0.178256094,3.254481151,5.676388003,14.97686957,0.414266427,7.008272193,0.751682829,2.225520663,6.227901171,42.73517552,7.587482738,0.774002998,2.175732889,0.221295731,0.627033725,-2.693981186
CHEMBL375505,0,-0.529115847,14.54929016,24.43217598,4.983978521,10.34661194,16.0012134,1.183268682,32.88596122,0.039467233,4.022113473,5.672602807,15.61755573,0.819501351,7.009376763,0.741429518,2.218363325,18.04226063,7.109797541,7.257203784,0.547193855,2.16936312,0.06855939,0.123596937,-19.86301771
CHEMBL5270820,0,-0.528850775,13.62994584,20.90819535,0.0,10.9453071,8.013570827,1.189628787,42.55970131,0.146664663,3.269695462,5.684862481,0.0,0.413860541,6.002808451,0.77643984,2.23383888,0.0,19.24253168,7.413555798,0.992547241,2.184021035,0.253977546,0.380985446,-1.669495168
CHEMBL572577,0,-0.477431904,14.56019641,20.89035439,14.99835797,10.95526986,8.029826189,1.200360132,70.46001928,0.073530688,4.017080275,5.694858579,31.23511146,0.402368927,7.010455516,0.740335227,2.244735912,29.68515227,26.96805517,5.722972169,0.987165094,2.194765612,0.086300574,0.253436788,-15.6517657
CHEMBL576963,0,-0.498490298,14.55681625,20.91090286,4.794537184,10.93703182,8.029470698,1.253870378,36.84716443,0.136415636,3.240636302,5.676099313,20.26872417,0.587267227,7.009360323,0.740886031,2.225340017,23.96016668,6.196843572,6.261886704,0.988746532,2.175529568,0.171676457,0.438832194,-6.141659459
CHEMBL332941,0,-0.522234549,13.62747405,20.90234825,0.0,10.94604962,8.010903291,1.12769371,69.92012874,0.085956201,4.023006422,5.685543424,0.0,0.678780883,6.003766987,0.778436131,2.234096968,6.103966388,0.0,6.517809742,0.987659611,2.184352673,0.224634484,0.150394821,5.000627469
CHEMBL225347,0,-0.381458772,13.63850349,20.90415544,9.589074368,10.9409733,8.023727811,1.255332797,46.54772487,0.015625,3.315370126,5.680264079,0.0,0.586224542,7.009665885,0.752408493,2.227422689,23.03178045,0.0,4.342993404,0.988691066,2.177921247,0.053421735,0.037037037,6.303061283
CHEMBL227774,0,-0.529117982,14.54964401,20.91055946,4.983978521,10.93645059,8.029274932,1.183275809,52.14842609,0.039467233,4.022116017,5.672602691,15.61755573,0.819501351,7.00937837,0.741425755,2.218363247,18.04226063,7.109797541,7.259316781,0.989316154,2.169363051,0.06855939,0.123596937,-16.07591035
CHEMBL574833,0,-0.477433043,14.56019915,20.89051752,14.99835797,10.95526981,8.029828491,1.183768252,71.46585043,0.071034219,4.022503211,5.694858528,31.23511146,0.668714962,7.010456192,0.740334447,2.244735865,29.68515227,26.96805517,5.793965899,0.987155449,2.194765564,0.095679796,0.244320971,-15.50205944
CHEMBL3780572,0,-0.475402704,17.42477321,20.91490571,9.778515705,10.93739013,9.004070255,1.279015978,22.91825565,0.178256094,3.254474998,5.676387999,14.97686957,0.414266427,8.001920295,0.545857166,2.225520689,6.227901171,42.73517552,7.576591756,2.751970181,2.175732935,0.200297705,0.627033725,-3.784712829
CHEMBL3133992,0,-0.498524951,14.55689127,20.92410855,4.794537184,10.93616963,8.031989301,1.200360308,32.02859109,0.193771959,4.017090916,5.675683863,25.58551277,0.538451691,7.010459559,0.739593097,2.225343398,35.65445756,33.16489874,7.635924542,0.989572922,2.175509589,0.195092572,0.6242276,-9.356419602
CHEMBL500100,0,-0.48936374,13.64137122,20.93682915,14.38361155,10.92819225,8.026573344,1.085882091,72.73869789,0.311909949,4.124122501,5.667644404,0.0,1.743847744,7.010460669,0.75194679,2.215856362,40.57370889,37.25557254,8.93202265,0.99346599,2.166178818,0.723339704,0.73934211,12.17106772
CHEMBL219832,0,-0.495482285,14.54023858,24.43423708,14.38361155,10.33760877,16.00200392,0.626562088,33.20316604,0.075477793,3.275887056,5.682642468,5.316788604,0.425380792,7.010444677,0.741431118,2.229451943,5.969305288,31.18920547,6.844649065,0.656209315,2.179087945,0.108207332,0.222432443,0.857830175
CHEMBL5286888,0,-0.493689185,14.56215582,20.82890217,14.77092044,11.01390826,8.030138476,1.209312207,25.99328162,0.042855807,3.209882247,5.752317488,19.7677765,0.564235114,7.010456723,0.740998363,2.298828232,36.0745979,20.04742929,6.249371778,0.987933697,2.249888804,0.063950427,0.136082763,-23.87503513
CHEMBL435201,0,-0.390911073,14.54906653,20.92185401,14.76249423,10.92868039,8.0219584,1.365835819,16.05191667,0.080670577,3.299888839,5.664970932,9.967957042,0.414523349,7.008268612,0.752713845,2.210746573,0.0,12.39368714,8.116668982,2.752027223,2.161734948,0.132771152,0.256453134,-3.570009019
CHEMBL3781371,0,-0.475400907,14.64331866,20.91485018,9.778515705,10.93739013,8.022179176,1.279016224,22.91825565,0.182553332,3.254421654,5.676388004,14.97686957,0.414266427,7.008272006,0.751683181,2.225520713,6.227901171,30.60244139,7.562662984,2.733906359,2.175732953,0.192279703,0.645762464,-2.852607509
CHEMBL4637942,0,-0.352286109,14.64178031,26.52389189,9.589074368,10.95276061,35.00041801,1.043836901,15.92144017,0.118373131,3.220426238,5.692308834,5.425791397,0.337673112,7.009355668,0.751250074,2.240867565,0.0,30.33183534,6.365610972,0.256014439,2.1905043,0.171033117,0.411900753,8.792919189
CHEMBL4634975,0,-0.352235274,14.64178091,22.45586212,9.589074368,10.95384063,17.00110274,1.30447412,15.92144017,0.118373131,3.220426238,5.692308793,5.425791397,0.337673112,7.009355687,0.751250072,2.240887336,5.907179729,36.39820241,6.365610972,0.774006341,2.190987485,0.147975684,0.411900753,8.371196101
CHEMBL3133961,0,-0.360953607,14.56011585,20.9051103,14.99835797,10.94664659,8.023317007,1.182555484,50.43368582,0.098811997,4.022118613,5.685924864,25.91832285,0.800863832,7.009364605,0.751051256,2.2353921,17.99086139,6.196843572,6.81953863,0.989892222,2.185528333,0.093679182,0.336770121,1.662160213
CHEMBL5177554,0,-0.5327238,13.63955439,20.92377959,4.794537184,10.92634329,8.024888169,1.182911287,25.83174751,0.056829848,4.017055238,5.665313515,0.0,0.65313444,7.008283846,0.749730798,2.21016097,22.52886487,13.8474744,8.070271122,0.992918741,2.161074496,0.10693784,0.168957858,12.14507363
CHEMBL53463,0,-0.528240913,14.53782725,20.92435936,14.38361155,10.92893886,8.028246509,1.157963081,68.83913015,0.123465668,4.024035005,5.668289729,0.0,1.443807744,7.010465712,0.751895693,2.215831575,95.66900423,6.9237372,8.091235155,0.993724785,2.166267269,0.291791508,0.245783534,14.76310659
CHEMBL447531,0,-0.526317884,14.54964317,20.91454424,4.983978521,10.93238024,8.029504099,1.251301555,57.93585563,0.036676096,3.308924474,5.668860419,15.61755573,0.532766047,7.009379808,0.741410618,2.214627652,18.04226063,7.109797541,7.342192448,0.987180558,2.165587503,0.071699977,0.113402303,-20.05946419
CHEMBL3781209,0,-0.475406944,14.64340925,20.91492598,19.89283397,10.93739013,8.054630229,1.279015328,22.91825565,0.178256094,3.254588789,5.676387994,14.97686957,0.580933093,8.001939251,0.669216714,2.225520665,17.05839195,48.9320191,7.636976325,2.751970181,2.175732918,0.203687581,0.627033725,3.258808975
CHEMBL573958,0,-0.360807398,14.55706695,20.91327809,9.589074368,10.93703182,8.023304337,1.253737187,16.82083098,0.153387291,3.240578381,5.676099313,25.58551277,0.42060056,7.00936061,0.751051252,2.225340016,12.08368166,12.52416365,6.388173988,1.984268737,2.175529568,0.145951319,0.491581624,-0.475397676
CHEMBL573186,0,-0.363384257,14.55710142,20.91523871,9.589074368,10.93703182,8.023319141,1.12462934,61.17016521,0.410812258,4.02503415,5.676099313,25.58551277,0.637106911,7.009364699,0.751051252,2.225340016,12.08368166,0.0,6.949395689,1.952126901,2.175529568,0.797282422,0.776596527,6.557086595
CHEMBL441721,0,-0.526317985,14.54964464,20.91462535,4.983978521,10.93238023,8.029506234,1.251024197,64.35667725,0.036676096,3.308931522,5.668860413,15.61755573,0.532766047,7.009380224,0.741409868,2.214627649,18.04226063,7.109797541,7.342839867,0.987180558,2.1655875,0.071699977,0.113402303,-19.99929014
CHEMBL3402111,0,-0.530293657,13.63929688,20.89866018,4.794537184,10.95030006,8.024755006,1.253305613,43.2701484,0.059519514,3.253607989,5.689790916,0.0,0.393802676,7.008281254,0.74889531,2.238148792,23.70309024,0.0,7.2271631,0.988913695,2.188466657,0.099076879,0.194444444,2.017130969
CHEMBL487599,0,-0.390839384,13.63907889,20.8777422,9.589074368,10.97824903,8.024396405,1.065594003,79.56443736,0.156181176,4.048577413,5.717757139,0.0,1.627351203,7.010829725,0.752319582,2.266301721,11.33289652,0.0,6.224558429,0.992023528,2.216573715,0.657475967,0.174830916,6.09807506
CHEMBL4,0,-0.517532101,17.42477233,20.9117767,4.794537184,10.93339209,9.004069785,1.258869832,23.3235667,0.102813526,3.326630424,5.669237088,9.467009379,0.705009309,8.001920392,0.545849506,2.21248812,17.21531652,4.567099648,8.058612818,0.993677832,2.163920973,0.203729029,0.229610731,-25.32135456
CHEMBL5280760,0,-0.511025214,14.54786803,20.91161618,9.778515705,10.93729143,8.029589182,1.085650585,45.95158251,0.181400846,4.039689615,5.674155522,4.983978521,1.274213823,7.009363879,0.741417797,2.220620917,11.51895686,6.196843572,7.212637215,0.995026524,2.171451287,0.4194037,0.473461713,-1.162801238
CHEMBL3218197,0,-0.526308434,14.54854937,20.91462242,4.983978521,10.93238293,8.012276985,1.256677573,78.20415165,0.036676096,3.306404925,5.668879026,10.30076712,0.282360161,4.004864479,0.774949634,2.214677881,0.0,7.109797541,7.331034724,0.987180379,2.165628867,0.072652359,0.113402303,-10.71273277
CHEMBL3218196,0,-0.526308533,14.54854853,20.91454154,4.983978521,10.93238293,8.012275611,1.256677573,71.78333003,0.036676096,3.306398475,5.668879026,10.30076712,0.282360161,4.004863986,0.774949663,2.214677872,0.0,7.109797541,7.319673479,0.987180382,2.16562886,0.072652359,0.113402303,-10.7398998
CHEMBL2151977,0,-0.466713127,13.64557092,20.88765997,9.589074368,10.98121326,8.031754487,1.055456315,86.48817456,0.420299325,4.121737511,5.72086025,0.0,2.130379124,7.00937949,0.7400881,2.270437161,23.08931296,0.0,6.551080335,0.991061044,2.220519247,1.01629008,0.707908808,9.166868041
CHEMBL558682,0,-0.517531565,13.62747259,20.90476855,0.0,10.94310641,8.010900989,1.182038201,64.0022227,0.037843679,4.019034347,5.682587766,0.0,0.399968687,6.003767175,0.778451874,2.231058804,11.7050172,0.0,6.416068255,0.987774645,2.181328479,0.091946221,0.114481121,2.955857756
CHEMBL390345,0,-0.526318241,14.55812945,20.91458899,10.39326213,10.93238023,8.029515634,1.251276751,57.93585563,0.036676096,3.308976452,5.668860408,20.93434433,0.532766047,7.009381946,0.741405949,2.214627646,18.04226063,7.109797541,7.348647857,0.987180557,2.165587496,0.071699977,0.113402303,-22.16289019
CHEMBL578832,0,-0.498541145,14.55978835,20.78675877,10.20382079,11.06099474,8.031952381,1.200362082,64.89656778,0.041455673,4.017073953,5.792017819,25.91832285,0.402368927,7.010452492,0.739593282,2.331570305,35.65445756,26.96805517,5.280662431,0.987165093,2.284071902,0.063620113,0.151374715,-22.61293416
CHEMBL5277226,0,-0.497853016,14.56215334,20.82883143,14.77092044,11.01390823,8.030381514,1.209313167,19.06954442,0.042855807,3.209875213,5.752317435,19.7677765,0.564235114,7.010456115,0.740508399,2.298828017,41.98177763,13.12369209,6.220962864,0.996275176,2.249888643,0.063950427,0.136082763,-24.31803102
CHEMBL3220429,0,-0.361292167,14.5785368,20.92419712,79.17158063,10.95378929,8.039522302,1.249046852,137.8285952,0.111111111,3.167860528,5.693367276,79.75182906,1.491624578,7.020541767,0.750946547,2.24263356,137.3464059,24.26546827,6.82165258,1.83696092,2.192765309,0.12825782,0.333333333,9.46122135
CHEMBL2337339,0,-0.454361002,13.64312808,20.91208335,0.0,10.94171554,8.029207346,1.395379295,11.12690298,0.104872259,3.271507146,5.68127215,0.0,0.29449805,7.008274403,0.741405142,2.230262885,5.969305288,12.13273414,7.003690264,2.811465311,2.180441826,0.112408774,0.424717984,8.232519972
CHEMBL573641,0,-0.330764618,17.42476994,24.4342252,10.11132579,10.33809208,16.00200228,0.622302945,10.9373243,0.168393829,3.204054641,5.693428307,5.316788604,0.330933093,8.001918068,0.545864041,2.24121252,17.82836696,0.0,5.104049739,0.654947455,2.191072948,0.209312682,0.204124145,5.38854745
CHEMBL3133991,0,-0.498524264,14.55688833,20.91658891,4.794537184,10.93703276,8.031981581,1.1825527,58.36325418,0.161696944,4.022512176,5.676101659,25.58551277,0.888131059,7.010458028,0.739593143,2.225343398,35.65445756,33.16489874,7.259833345,0.987155429,2.175532748,0.179055065,0.522165527,-13.30639767
CHEMBL3905491,0,-0.381385817,13.63850893,20.90287468,9.589074368,10.94646769,8.023734327,1.355845577,32.70025047,0.050117211,3.284865847,5.685736445,0.0,0.396077335,7.009667317,0.7524083,2.232728134,28.59523194,0.0,5.626721429,1.895277704,2.183257504,0.066324371,0.147422994,9.158723852
CHEMBL2376690,0,-0.347227095,14.54907078,20.92967286,0.0,10.9301992,8.00613675,1.243278502,22.60826052,0.208333333,3.275078556,5.669563063,9.967957042,0.479501683,6.002808115,0.787473677,2.219094575,0.0,6.066367068,8.080312394,2.751925009,2.169206092,0.245963636,0.633276638,8.28570933
CHEMBL409309,0,-0.516768088,13.63889081,20.90634528,9.589074368,10.94131504,8.02408305,1.074849745,73.23684251,0.710483282,4.039755414,5.680611332,0.0,1.334637907,7.009670609,0.752406622,2.227796125,11.35056264,0.0,7.120696968,0.988212899,2.178291584,1.232208932,0.776784913,9.187787886
CHEMBL3402112,0,-0.530286493,13.63929882,24.44071915,4.794537184,10.31139326,16.00450346,0.610077312,27.87899957,0.11844508,3.253928236,5.689621586,0.0,0.47713601,7.008281496,0.748895344,2.237503577,23.70309024,0.0,7.631704421,0.650327324,2.187194806,0.153630873,0.277777778,5.236996047
CHEMBL374013,0,-0.495256837,13.6436121,24.4342394,14.38361155,10.33747776,17.00110379,0.623726421,34.56345175,0.043402778,3.275258428,5.682856532,0.0,0.647603014,7.010440377,0.741422267,2.229424837,17.00248826,38.11294267,6.321611015,0.659333525,2.178617941,0.095431456,0.12037037,-0.313532746
CHEMBL583376,0,-0.498512728,14.55969992,20.79859103,10.20382079,11.04694865,8.029469677,1.216805328,49.54034665,0.138130256,3.13871764,5.784316516,20.60153425,0.36785113,7.009360179,0.740884248,2.329657513,23.96016668,6.196843572,4.934473933,0.997569517,2.281207612,0.127810957,0.318041382,-8.437495984
CHEMBL4845704,0,-0.361052549,14.56133785,20.91920938,19.79289516,10.93703276,8.024623622,1.250311524,42.14966292,0.193771959,3.241068266,5.676101621,36.21908998,0.621785024,7.010462626,0.750992815,2.225343296,29.93988195,6.196843572,7.210694392,0.987994195,2.175532664,0.207488491,0.6242276,3.906934341
CHEMBL512154,0,-0.382533178,13.64097929,20.93162809,19.17814874,10.92372284,8.026315636,1.362325624,55.2794291,0.077751058,3.307062101,5.663210756,0.0,0.935086739,7.011537441,0.751920438,2.211686825,23.13297979,0.0,8.051943245,0.995014313,2.161960963,0.182765466,0.201832953,9.499784349
CHEMBL2332803,0,-0.424201569,14.75112685,20.89757685,9.476340119,10.94912067,8.022035781,1.257177401,86.60543749,0.121784111,3.183524558,5.688666175,29.86173661,0.23570226,7.008273394,0.751862282,2.238140317,0.0,4.681802935,5.783825182,0.987139957,2.188246883,0.13648343,0.482307808,-7.879934557
CHEMBL3402101,0,-0.530287979,13.63930144,20.90925328,4.794537184,10.94572439,8.024760708,1.256959233,28.56530387,0.091594529,3.253936796,5.685240765,0.0,0.47713601,7.008281781,0.74889456,2.233820526,23.70309024,6.076020107,7.681963879,1.990940024,2.184090924,0.111591429,0.296506517,4.094560182
CHEMBL3133957,0,-0.477437364,14.56021523,20.93714188,14.99835797,10.91324558,8.029843949,1.200359241,44.87023433,0.122868258,4.017089889,5.652718186,31.23511146,0.427340579,7.010460473,0.740330777,2.202449558,29.68515227,26.96805517,7.649028341,0.989889901,2.152516411,0.134385474,0.404811503,-5.110293523
CHEMBL576378,0,-0.49849095,14.55681754,20.91104996,4.794537184,10.93703182,8.029472533,1.216805272,42.2621549,0.233090218,3.240656902,5.676099313,20.26872417,0.503933894,7.009360665,0.740885375,2.225340017,23.96016668,6.196843572,6.348189294,0.997569226,2.175529568,0.2358673,0.60549886,-3.138058158
CHEMBL253257,0,-0.528636137,13.63730035,20.89922268,4.794537184,10.95158015,8.022485395,1.357639977,22.34226179,0.048611111,3.250547767,5.690922251,0.0,0.23570226,7.008271696,0.752758167,2.238306429,0.0,24.26546827,5.583261319,0.997573811,2.188776614,0.069620194,0.138888889,5.765946109
CHEMBL575665,0,-0.498492731,14.55682006,20.91120406,4.794537184,10.93703182,8.029475933,1.22279681,55.10379815,0.238477708,3.24066699,5.676099313,20.26872417,0.503933894,7.00936149,0.740883819,2.225340016,23.96016668,0.0,6.431261887,0.997567671,2.175529568,0.211792007,0.540894266,-3.224423991
CHEMBL462807,0,-0.296049612,13.62437494,20.89256693,0.0,10.95312241,8.007308502,1.313742612,95.95786979,0.024056261,3.092560098,5.69261713,0.0,0.0,6.003871143,0.787131562,2.241183129,0.0,12.13273414,4.293024641,0.987933633,2.191435872,0.03852692,0.068041382,4.022252264
CHEMBL1645437,0,-0.529643982,14.55127915,20.91826177,19.55703141,10.9370075,8.023877313,1.257269753,45.95158251,0.084699815,3.246378976,5.673399485,20.60153425,0.438832194,7.009366805,0.751165509,2.21944301,6.041840829,26.61328223,7.541658232,0.993038212,2.170371173,0.126895614,0.277777778,-14.31869582
CHEMBL3133777,0,-0.355383163,14.54853105,26.52389199,4.794537184,10.9360133,35.00041801,1.043832092,22.08721578,0.132376235,3.251851306,5.67629863,10.30076712,0.355904746,7.008269908,0.751874251,2.223806991,0.0,0.0,7.232284268,0.256014242,2.17349293,0.215662247,0.39856859,3.267548251
CHEMBL611027,0,-0.392073412,13.72526798,20.84224871,0.0,11.02083059,8.10810768,1.086662885,92.90899618,0.161227821,4.037413297,5.76035074,0.0,1.487012975,6.003774576,0.690957369,2.308998696,66.75124558,0.0,6.444131257,0.993033274,2.259250536,0.59614879,0.276854538,-4.86353748
CHEMBL3218198,0,-0.526308736,14.54855191,20.91487335,4.983978521,10.9323829,8.012281117,1.256677571,97.46661652,0.036676096,3.306424339,5.668879,10.30076712,0.282360161,4.004865959,0.774949522,2.214677861,0.0,7.109797541,7.339025186,0.987180377,2.165628845,0.072652359,0.113402303,-10.642334
CHEMBL1911900,0,-0.477953315,17.42581715,24.44173112,4.183085433,10.31911978,16.0132626,0.300345375,38.00208097,0.087630571,4.043913394,5.694085825,4.899909731,0.549646176,8.002967552,0.545036889,2.242666915,39.55082581,51.10304694,6.457063961,0.645334353,2.188928734,0.093179091,0.268728739,-14.56556526
CHEMBL3309924,0,-0.379185164,14.55049284,20.93147975,4.983978521,10.9239066,7.051279996,1.372001014,0.0,0.203649906,3.297545788,5.662668272,14.95193556,0.413860541,3.039034704,1.01538815,2.21157889,0.0,0.0,8.586241791,2.751965204,2.16184851,0.26187745,0.638373955,1.781584899
CHEMBL4847957,0,-0.477450758,14.56145374,20.91969675,19.79289516,10.93703276,8.030505416,1.200355546,55.99713731,0.193771959,4.017102756,5.676101621,41.53587858,0.572969487,7.01156119,0.740274095,2.225343297,47.54135256,33.16489874,7.263562268,0.989491923,2.175532665,0.215624414,0.6242276,-7.5610444
CHEMBL386004,0,-0.495476171,13.6436095,24.43423547,14.38361155,10.33761033,17.0011037,0.626557393,27.63971455,0.043402778,3.275005246,5.682856548,0.0,0.480936347,7.010439756,0.741436992,2.229454004,11.75255023,31.18920547,6.26405281,0.65620241,2.178687733,0.095431456,0.12037037,-0.34512001
CHEMBL478091,0,-0.378333039,13.63804145,20.8775773,4.794537184,10.97854779,8.023294191,1.061275799,79.56443736,0.160739085,4.04854013,5.718106648,0.0,1.627351203,7.009906822,0.752675466,2.267037377,17.4368629,0.0,6.139884552,0.992023206,2.217237155,0.683765998,0.174830916,8.422952061
CHEMBL3260304,0,-0.36102902,14.56418521,20.91878802,25.20217876,10.93616961,8.024629698,1.25038321,36.94066598,0.130887012,3.153830516,5.675683842,36.55190006,0.569035594,7.010464775,0.750992815,2.225449749,35.84706168,6.196843572,7.437988231,1.8556263,2.175509569,0.109716689,0.438832194,5.679673768
CHEMBL573395,0,-0.330765321,14.54022523,26.52389128,10.11132579,10.33809189,35.00041782,0.622303579,10.9373243,0.172115345,3.135206251,5.694779094,5.316788604,0.25,7.008290883,0.741583414,2.241457096,12.01114612,11.76188495,5.124335934,0.256013832,2.190303784,0.251747349,0.219416097,4.773404931
CHEMBL462797,0,-0.53132617,13.63837983,20.91940618,4.794537184,10.93008124,8.023735489,1.364603938,55.29454243,0.066794278,3.281647848,5.669597724,0.0,0.298389402,7.008814889,0.750841544,2.218276562,0.0,6.066367068,7.274823293,0.987659445,2.168514615,0.110053745,0.23699924,1.010396916
CHEMBL494307,0,-0.316587353,13.6246647,24.44071689,0.0,10.31138613,16.00450238,0.609989108,18.90801031,0.147256081,3.209508881,5.689078506,0.0,0.30274943,6.003956968,0.784260374,2.233998689,0.0,17.40315295,6.104269937,0.650330486,2.180554997,0.179585698,0.219416097,7.861688121
CHEMBL4862902,0,-0.498558457,14.56097231,20.92494602,14.99835797,10.93616958,8.032734134,1.200356226,44.87023433,0.193771959,4.01710212,5.675683817,36.21908998,0.656302821,7.011561439,0.739587377,2.225343297,47.60347812,33.16489874,7.673006891,0.989562565,2.175509548,0.195092572,0.6242276,-8.044695788
CHEMBL5169845,0,-0.492826121,13.64634645,20.90592811,0.0,10.94754724,8.032517864,1.125811142,43.37947212,0.350570657,4.030341964,5.687140981,0.0,0.897348221,7.009368338,0.739039332,2.236394918,29.56153382,19.05647134,6.844549203,0.987738315,2.186526944,0.38410051,0.832179743,2.714891912
CHEMBL3218201,0,-0.526309163,14.54890447,20.91489537,4.983978521,10.93238288,8.012285433,1.256402716,91.54871047,0.036676096,3.306463429,5.668878981,15.61755573,0.282360161,4.004867399,0.774949383,2.214677839,0.0,7.109797541,7.324299412,0.987180241,2.165628824,0.072652359,0.113402303,-14.14829628
CHEMBL3893262,0,-0.528236096,14.5478815,20.93768026,0.0,10.91488217,8.013588893,1.202023339,24.97437738,0.125637462,4.018081371,5.654475928,4.983978521,0.469821982,3.515842179,0.774114009,2.203929796,0.0,14.21959508,8.586930577,0.992140675,2.154029827,0.244951655,0.37186963,-5.103793647
CHEMBL573187,0,-0.477434797,14.56020392,20.89069858,14.99835797,10.95526981,8.029833127,1.200358273,88.71665299,0.175592761,4.017083269,5.694858524,31.23511146,0.319035594,7.010457272,0.740333056,2.24473586,29.68515227,26.96805517,5.997850364,0.98988804,2.194765559,0.126416125,0.35549886,-11.8755068
CHEMBL3133985,0,-0.360879347,14.55710161,20.91994384,9.589074368,10.93703182,8.023319404,1.182555259,43.15549407,0.193771959,4.02212543,5.676099313,25.58551277,0.936946596,7.009365093,0.751051252,2.225340016,17.99086139,6.196843572,7.237971941,0.989891371,2.175529568,0.201735525,0.6242276,2.977491278
CHEMBL891,0,-0.463994128,14.56508582,24.4342362,9.589074368,10.33782427,17.00110453,0.617316872,29.96571049,0.697213098,4.023085555,5.68964315,15.37336159,0.958518157,7.010460209,0.715716435,2.236889345,39.98824167,45.03667987,6.793833918,0.6593476,2.186165062,1.22364257,1.065922334,-1.164438459
CHEMBL1645428,0,-0.529643982,14.55964623,20.91855005,20.17177783,10.9370075,8.023938429,1.251025834,52.37240414,0.084699815,3.246511464,5.673399485,31.23511146,0.390016657,7.009370915,0.750446634,2.21944301,12.07295534,26.61328223,7.552737491,0.993038212,2.170371173,0.126895614,0.277777778,-19.50397817
CHEMBL1645431,0,-0.529643982,14.55964623,20.91855005,20.17177783,10.9370075,8.023938429,1.251025834,52.37240414,0.084699815,3.246511464,5.673399485,31.23511146,0.390016657,7.009370915,0.750446634,2.21944301,12.07295534,26.61328223,7.552737491,0.993038212,2.170371173,0.126895614,0.277777778,-19.50397817
CHEMBL222621,0,-0.495256774,14.53782686,24.4342388,14.38361155,10.33747944,16.00200361,0.623735026,34.56345175,0.043402778,3.275258428,5.682599117,0.0,0.647603014,7.010440936,0.741421183,2.229324176,11.21924332,38.11294267,6.321611015,0.659343526,2.178919177,0.086735469,0.12037037,6.581142616
CHEMBL3216176,0,-0.529644113,14.55083476,20.92141184,14.76249423,10.93642938,8.022365504,1.183118002,92.46104008,0.078934466,4.023662162,5.672602225,20.60153425,1.138190931,7.008276214,0.75184064,2.218400762,0.0,14.21959508,7.929461213,0.987152863,2.169389917,0.139318214,0.247193875,-19.29711812
CHEMBL575251,0,-0.498543365,14.55979513,20.80005481,10.20382079,11.0505351,8.031962145,1.200360197,83.1532015,0.143517746,4.01707692,5.788148475,25.91832285,0.319035594,7.010454245,0.739593185,2.331204266,35.65445756,26.96805517,5.681025488,0.98957394,2.283556027,0.103735664,0.253436788,-18.15514398
CHEMBL4067213,0,-0.361176016,14.55899685,20.92597884,28.7672231,10.93703276,8.028542999,1.251432345,46.3528287,0.213240084,3.241467407,5.67610162,41.53587858,0.940820618,7.013758994,0.750863214,2.225343291,71.69412335,48.79188955,7.106929472,0.995926706,2.17553266,0.216051413,0.67697703,8.015713431
CHEMBL4095675,0,-0.43492877,14.56034872,24.4407389,28.7672231,10.31102843,16.00450935,0.609794727,94.01915148,0.468577353,3.247046895,5.676101621,41.11899971,1.151502341,7.013765687,0.7508632,2.221243469,77.6120294,18.72100722,7.419535135,0.650309577,2.166701899,0.489516747,0.945705769,3.835279065
CHEMBL4084682,0,-0.503233111,13.65122512,20.86207337,0.0,10.98019373,8.038781253,1.327299899,57.27528142,0.014731391,3.23559228,5.718936365,0.0,0.19245009,7.008282392,0.720628116,2.261782167,0.0,6.066367068,4.667851515,0.987143614,2.213103045,0.033435477,0.055555556,-1.561992145
CHEMBL1269411,0,-0.367219537,13.64254732,20.91316715,0.0,10.92809437,8.028643368,1.305758134,90.3944183,0.0,3.038243362,5.667648444,0.0,0.0,7.008292865,0.741537371,2.21657287,5.969305288,0.0,3.091042453,0.987936053,2.166769897,0.0,0.0,-0.423320386
CHEMBL2021444,0,-0.385197609,14.56211102,26.52494213,20.40764158,10.93558939,35.00142824,1.043130786,36.81018948,0.309123313,4.043319853,5.675814045,30.81823258,1.416951601,7.009372955,0.750753311,2.223672493,29.05830191,12.39368714,7.626817648,0.255072043,2.17339158,0.562675175,0.818508472,5.947276246
CHEMBL4085166,0,-0.434927859,14.56033804,20.92073268,28.7672231,10.93703276,8.02855093,1.203357446,87.59832985,0.308312517,3.241609597,5.676101621,41.11899971,1.055277296,7.013760616,0.750863205,2.225343296,77.6120294,32.56848162,7.151280334,0.988894737,2.175532664,0.267646104,0.760310363,-1.762936935
CHEMBL4800247,0,-0.459640915,14.55222761,24.44071262,0.0,10.31169323,16.0045036,0.610134679,0.0,0.270548363,3.278555484,5.675153381,14.53505669,0.438832194,4.004857584,1.011167167,2.223768321,0.0,11.33678588,8.218508099,0.650340515,2.172593392,0.366219132,0.706415337,1.890742074
CHEMBL1645460,0,-0.529644113,14.55240414,20.92380792,24.54100993,10.93642938,8.023904949,1.183118002,113.1770174,0.10045104,4.023682711,5.672602225,25.58551277,1.386196576,7.009371978,0.751114165,2.218400762,0.0,20.28596215,7.99432398,0.987152863,2.169389917,0.160834788,0.330527208,-20.92097718
CHEMBL2332805,0,-0.423753659,14.75112896,20.89781317,9.476340119,10.94912067,8.022037277,1.229122842,110.903912,0.220100435,3.206582596,5.688666175,29.86173661,0.282117557,7.008273772,0.751861237,2.238140317,0.0,0.0,5.995207533,0.987929616,2.188246883,0.189100837,0.571884055,-4.802361692
CHEMBL4083990,0,-0.361178918,14.55180091,20.92545949,28.7672231,10.93703276,8.028521559,1.25120413,47.07972233,0.18688777,3.241378131,5.67610162,31.56792154,0.940820618,7.013754994,0.750863229,2.225343291,71.69412335,54.72778012,7.052305332,0.995927095,2.17553266,0.200836897,0.574914957,17.44503353
CHEMBL1835985,0,-0.513344737,14.54805667,20.91992799,4.794537184,10.93088213,8.023702852,1.171849964,99.27648332,0.130271561,3.33081882,5.669232169,4.983978521,0.593416943,7.008275209,0.749962611,2.216918898,0.0,5.563451492,7.935861275,0.991741052,2.167415895,0.337847591,0.317106007,4.010791126
CHEMBL4103436,0,-0.434928309,14.56034018,20.91720628,28.7672231,10.93703276,8.028553791,1.19399492,126.9806297,0.378299575,3.241604883,5.676101621,41.11899971,1.015419577,7.013760964,0.750863203,2.225343296,71.69412335,6.327320075,7.052710912,0.987656632,2.175532664,0.317134427,0.760310363,-3.542640382
CHEMBL5401766,0,-0.527765595,13.64436189,20.92299665,14.38361155,10.93013814,8.0302995,1.368224554,50.75089065,0.057291667,3.301625254,5.669536475,0.0,0.64993412,7.010462351,0.741450167,2.217376267,17.53579518,6.9237372,7.794668692,0.995375415,2.167763711,0.126447048,0.148148148,2.257813175
CHEMBL426198,0,-0.529119759,14.55811835,20.91052216,10.39326213,10.93645056,8.029283121,1.183275744,45.72760446,0.039467233,4.022118547,5.672602664,20.93434433,0.819501351,7.00938009,0.741421705,2.21836322,18.04226063,7.109797541,7.265629113,0.989315978,2.169363023,0.06855939,0.123596937,-18.32229439
CHEMBL572401,0,-0.477433227,14.55716123,20.91408025,9.589074368,10.93703276,8.029829968,1.200359799,63.18182752,0.168490651,4.017086522,5.676101659,30.90230137,0.538451691,7.010456248,0.74033654,2.225343398,29.68515227,26.96805517,6.718508234,0.987165094,2.175532748,0.194356917,0.540894266,-12.38775266
CHEMBL576335,0,-0.360889888,14.56007803,20.88981554,14.99835797,10.95527013,8.023301969,1.250677218,24.09902273,0.058427329,3.131774426,5.694858823,25.91832285,0.284517797,7.009360124,0.751051256,2.244736139,17.99086139,6.196843572,5.147131039,1.855692629,2.194765843,0.037894976,0.204124145,-5.743193817
CHEMBL3287776,0,-0.500276578,17.43383048,20.87253007,5.098681808,10.97106733,9.017357348,1.219431808,17.08178398,0.10537245,4.023624728,5.704513036,40.14316902,1.057663723,8.01049982,0.524606337,2.247613564,35.56878064,0.0,7.69406367,1.992457876,2.199271656,0.126602287,0.479095798,-23.28044601
CHEMBL576182,0,-0.498546233,14.55980461,20.84084378,10.20382079,11.01054693,8.031975618,1.124629281,83.65611708,0.283777281,4.0253019,5.749342059,25.91832285,0.452208611,7.010456704,0.73959306,2.297970608,35.65445756,20.7712116,6.361302478,0.989569387,2.248348734,0.666545618,0.387076975,-10.72030601
CHEMBL5194552,0,-0.490238093,13.64317578,20.90019762,0.0,10.95205604,8.029262414,1.16691399,17.04480903,0.136580905,3.2008989,5.691655389,0.0,0.311343905,7.008274149,0.741224644,2.24094825,24.09514411,36.39820241,6.217852829,1.984995057,2.191073429,0.158720681,0.424717984,7.680401443
CHEMBL507180,0,-0.527519039,13.65224411,20.91561161,9.589074368,10.94633671,8.03832229,1.177450702,42.20086901,0.146754669,4.035018292,5.685803669,0.0,1.175623105,7.012653565,0.739904098,2.233986061,51.96152442,13.8474744,7.930509668,0.995015421,2.184335105,0.289556401,0.448784223,-9.754034661
CHEMBL428422,0,-0.373549073,14.56955327,20.89188574,0.0,10.95454078,7.098038414,1.130870754,64.35667725,0.288073432,4.020014868,5.694226256,19.85184529,0.0,3.068007156,0.960179206,2.244210247,0.0,0.0,6.500538638,0.9872569,2.194214139,0.647176885,0.414921531,-24.01412179
CHEMBL1077096,0,-0.385510414,13.63679929,20.87859884,4.794537184,10.98382645,8.022043424,1.146391277,60.30197249,0.809019314,4.029699776,5.723360836,0.0,0.402368927,7.008269868,0.752766733,2.27204478,6.103966388,0.0,5.351858133,0.992029818,2.222298703,0.807178586,0.967594059,4.190993835
CHEMBL3298696,0,-0.228574189,14.53780982,20.78584908,0.0,11.06471548,8.00608346,1.20294952,78.05569063,0.0,3.113445633,5.804085729,0.0,0.23570226,6.002599753,0.787938894,2.353117903,0.0,0.0,2.079441542,0.987821901,2.303358385,0.0,0.0,3.259050488
CHEMBL448381,0,-0.321982175,13.62466506,26.52389166,0.0,10.31106019,35.00041785,0.604774262,9.754294387,0.365757096,3.275214898,5.684712689,0.0,0.501022436,6.003956902,0.784260371,2.232516169,0.0,23.46952001,6.218973556,0.256013198,2.181873278,0.606668109,0.349104563,8.01576103
CHEMBL4065126,0,-0.405280086,14.55096169,24.43856769,9.589074368,10.32853329,16.00582222,0.60909559,0.0,0.365814235,3.294756742,5.683106178,7.913322217,0.617019111,7.00936787,0.748226158,2.221338654,0.0,7.913322217,8.399162469,0.65387762,2.166809583,0.502913643,0.720078905,-13.14712541
CHEMBL593924,0,-0.393360786,13.72520746,20.84222219,0.0,11.02083124,8.108043594,1.086663378,99.3298178,0.161227821,4.037407417,5.760351636,0.0,1.369161845,6.002608802,0.690957374,2.309003068,54.04039723,0.0,6.326149473,0.993033274,2.259254026,0.59614879,0.276854538,-6.696595285
CHEMBL3218204,0,-0.529116224,14.54935646,20.91130147,4.983978521,10.93645384,8.011099931,1.183272668,105.5266614,0.039467233,4.022121412,5.672624958,20.93434433,0.569095465,4.004867314,0.776638143,2.2184223,0.0,7.109797541,7.245629991,0.988581127,2.169411904,0.069659107,0.123596937,-13.64254819
CHEMBL5180164,0,-0.529020877,13.65164081,20.915163,4.794537184,10.94653133,8.037670343,1.093721994,96.49170868,0.231735397,4.034877673,5.685982407,0.0,2.306754422,7.01159401,0.740366727,2.234209198,118.1883722,26.83757867,7.422112161,0.993035653,2.184526281,0.584564659,0.506630971,6.179075912
CHEMBL2281926,0,-0.473561679,13.64295498,20.92196492,0.0,10.93621619,8.029045161,1.17603882,52.37717509,0.145006784,4.034968555,5.675844433,0.0,0.945106961,7.008274586,0.741464363,2.22533068,11.5703561,18.19910121,7.632385986,0.988938018,2.1754229,0.204513639,0.477541895,6.857115106
CHEMBL470457,0,-0.385374378,13.64097967,20.92053448,19.17814874,10.93915369,8.02631631,1.131920702,54.77651353,0.234872827,4.034179845,5.678518919,0.0,1.330771857,7.01153662,0.751898447,2.226111999,34.4658763,0.0,7.79180687,0.995955915,2.176544977,0.463378036,0.430371037,10.74569221
CHEMBL3234399,0,-0.485564257,13.643213,22.45936649,0.0,10.94542017,17.00417164,1.277798353,48.1740093,0.03125,3.322330266,5.686207415,0.0,1.039114499,7.008274674,0.741335955,2.231086676,17.46832895,0.0,7.566343364,0.773071024,2.179805207,0.139098322,0.074074074,2.259295471
CHEMBL459604,0,-0.296047082,13.62437296,20.89280873,0.0,10.95312247,8.007306096,1.313781358,70.2745833,0.024056261,3.092549918,5.692617193,0.0,0.0,6.003870312,0.787131562,2.241183223,0.0,12.13273414,4.346237527,0.98793683,2.19143596,0.03852692,0.068041382,4.206379382
CHEMBL3218206,0,-0.526309683,14.5493558,20.91536493,4.983978521,10.93238282,8.012296731,1.256260423,117.7349125,0.036676096,3.306536282,5.668878937,20.93434433,0.282360161,4.004871331,0.774949077,2.214677816,0.0,7.109797541,7.340161486,0.987180098,2.165628796,0.072652359,0.113402303,-17.5230218
CHEMBL575041,0,-0.363494794,14.56010049,20.89020349,14.99835797,10.95527003,8.023307844,1.21680516,55.10379815,0.170205271,3.139018287,5.694858733,25.91832285,0.36785113,7.009361746,0.751051256,2.244736055,17.99086139,6.196843572,5.510652719,1.850228818,2.194765758,0.150491417,0.420103454,-1.202039183
CHEMBL3133979,0,-0.477439713,14.55717245,20.92068076,9.589074368,10.93703276,8.029846932,1.182551604,63.92670567,0.193771959,4.022522512,5.676101659,30.90230137,0.888131059,7.010461064,0.740331645,2.225343398,29.68515227,26.96805517,7.351692122,0.987155429,2.175532748,0.201735525,0.6242276,-8.636171195
CHEMBL1911903,0,-0.477954188,17.42477387,24.44173227,4.183085433,10.3191195,17.00214469,0.300344228,38.00208097,0.083909054,4.043915672,5.694095113,4.899909731,0.716312843,8.001922898,0.545848142,2.240756186,33.73360497,69.30214815,6.512023894,0.645323795,2.188907207,0.134603041,0.253436788,-14.32401845
CHEMBL3259955,0,-0.477454812,14.56431024,20.90640236,25.20217876,10.94664608,8.030509419,1.182549585,84.04654067,0.098811997,4.022530295,5.685924403,41.86868867,0.869899426,7.01156284,0.740270799,2.235391699,47.54135256,26.96805517,6.995365435,0.987155429,2.185527916,0.093679182,0.336770121,-11.44191819
CHEMBL4068409,0,-0.434928117,14.5603407,20.92094005,28.7672231,10.93703276,8.028555322,1.204288257,94.01915148,0.308312517,3.241518976,5.676101621,41.11899971,0.940820618,7.01376187,0.750863208,2.225343296,71.69412335,18.72100722,7.157142069,0.988873714,2.175532664,0.267646104,0.760310363,-1.792744569
CHEMBL227448,0,-0.529116076,14.54929369,20.91031997,4.983978521,10.93645071,8.02943316,1.183276776,32.88596122,0.039467233,4.022113473,5.672602803,15.61755573,0.819501351,7.009378641,0.741424429,2.218363344,24.64914259,7.109797541,7.257203784,0.989320397,2.169363152,0.06855939,0.123596937,-18.62288455
CHEMBL4081680,0,-0.434928117,14.5603407,20.92094005,28.7672231,10.93703276,8.028555322,1.204288257,94.01915148,0.308312517,3.241518976,5.676101621,41.11899971,0.940820618,7.01376187,0.750863208,2.225343296,71.69412335,18.72100722,7.157142069,0.988873714,2.175532664,0.267646104,0.760310363,-1.792744569
CHEMBL3218195,0,-0.529107373,14.548554,20.91055804,4.983978521,10.93645434,8.01108983,1.183276155,65.99590049,0.039467233,4.02210979,5.672625421,10.30076712,0.569095465,4.004860511,0.776646065,2.218422743,0.0,7.109797541,7.235593812,0.988919939,2.169412355,0.069659107,0.123596937,-6.805376252
CHEMBL4783371,0,-0.528019115,14.75118466,20.89737322,0.0,10.95235795,8.023929559,1.348695552,5.563451492,0.099279793,3.312049571,5.691483415,25.19123346,0.5,3.526754008,0.750070821,2.238122437,0.0,10.87864651,7.642149364,0.996623232,2.188726032,0.11562696,0.426556588,-11.91017643
CHEMBL227876,0,-0.529117927,14.54929578,20.91334969,4.983978521,10.93645055,8.029275919,1.183276166,44.49125354,0.071542248,4.022118827,5.672602668,15.61755573,0.856958829,7.009378742,0.741427231,2.218363232,18.04226063,37.44163288,7.30466567,0.989318271,2.169363034,0.087077909,0.22565901,-15.66221899
CHEMBL4077287,0,-0.361180054,14.56000944,20.92582352,34.17650671,10.93703276,8.028549743,1.250462834,53.50054395,0.18688777,3.241444499,5.67610162,36.88471014,0.940820618,7.013762683,0.750863222,2.225343291,71.69412335,54.72778012,7.063492869,0.995925524,2.17553266,0.200836897,0.574914957,16.10085445
CHEMBL228186,0,-0.529118626,14.55735353,20.9105817,4.983978521,10.93645057,8.029280279,1.183276183,38.57988921,0.065819547,4.022118641,5.672602681,25.58551277,0.819501351,7.009378866,0.741424447,2.218363241,18.04226063,7.109797541,7.288182989,0.989318067,2.169363044,0.083773906,0.22565901,-25.504305
CHEMBL574619,0,-0.498513034,14.5597001,20.80022959,10.20382079,11.04510245,8.02946958,1.183772772,45.13118734,0.038959204,4.022106133,5.781286329,20.60153425,0.717530499,7.009360286,0.740884109,2.325751026,23.96016668,6.196843572,4.687901584,0.989581278,2.277300613,0.072999335,0.142258898,-12.33705037
CHEMBL1645430,0,-0.529643982,14.55235774,20.91861367,14.76249423,10.9370075,8.02392935,1.250775929,58.79322576,0.084699815,3.246429871,5.673399485,25.91832285,0.390016657,7.009369193,0.750447074,2.21944301,6.041840829,26.61328223,7.546421524,0.993038212,2.170371173,0.126895614,0.277777778,-17.82800799
CHEMBL3781110,0,-0.475401855,14.64331943,20.91653066,9.778515705,10.93739012,8.022180061,1.279015694,28.48170714,0.178256094,3.254474998,5.676387922,14.97686957,0.414266427,7.008272219,0.751682635,2.2255205,6.227901171,30.60244139,7.576591756,0.995942141,2.175732775,0.21757647,0.627033725,-3.07105315
CHEMBL4752665,0,-0.528328967,14.54372529,26.5270338,9.589074368,10.94508518,35.00344606,1.041755215,35.09544921,0.069444444,3.204065678,5.688356183,21.26715442,0.471404521,7.009367115,0.751220052,2.233295792,0.0,26.3716353,6.356107661,0.255066979,2.181951801,0.244013734,0.194444444,-7.517085377
CHEMBL1198184,0,-0.355697233,14.55962297,20.89990875,4.794537184,10.94911818,8.022024303,1.33022994,42.10764224,0.100246331,3.196245708,5.688630429,9.967957042,0.201184464,7.008270751,0.751870232,2.237677111,0.0,6.066367068,6.783723267,0.987937741,2.188022204,0.113681807,0.383682523,1.52293617
CHEMBL387360,0,-0.495260435,14.54023837,24.43423952,14.38361155,10.33747849,16.00200396,0.623732555,34.56345175,0.043402778,3.276051682,5.682645512,5.316788604,0.592047458,7.010445145,0.74140529,2.22943263,11.21924332,38.11294267,6.488872429,0.65934235,2.179030599,0.085526871,0.12037037,0.904539734
CHEMBL1939127,0,-0.347227587,14.54907078,20.92964865,0.0,10.93023678,8.006136157,1.244879807,22.60826052,0.208333333,3.271195485,5.669604646,9.967957042,0.393471272,6.002808504,0.787482837,2.219172723,0.0,12.13273414,8.094318824,2.751968273,2.169278314,0.245963636,0.633276638,8.28570933
CHEMBL7852,0,-0.502306126,13.65145968,20.86273533,4.794537184,10.97934146,8.039005063,1.330351267,74.91146185,0.014731391,3.253676807,5.717951244,0.0,0.23570226,7.009367861,0.720625872,2.259900592,5.625586319,0.0,4.966988132,0.98714361,2.211373674,0.030384506,0.055555556,-1.511884253
CHEMBL3220425,0,-0.361289582,14.56839396,20.94884806,57.53444621,10.93703268,8.036891112,1.249019289,163.5118817,0.37983985,3.260123536,5.676101612,78.42058873,2.035955632,7.020479276,0.750946549,2.225343285,137.3464059,24.78737429,7.73481171,1.836140178,2.175532661,0.432225374,1.149829914,16.84237264
CHEMBL2332802,0,-0.42082685,14.75112589,20.89761854,9.476340119,10.94912067,8.022035133,1.321132006,72.75796309,0.121784111,3.183168757,5.688666176,29.86173661,0.23570226,7.008273263,0.751862943,2.238140317,0.0,4.681802935,5.783825182,0.987931484,2.188246883,0.13648343,0.482307808,-7.322599365
CHEMBL5177275,0,-0.453980624,13.6477694,26.52389579,4.736862954,10.93213035,35.00041884,1.043360091,22.25380597,0.286292052,4.038736745,5.672206559,0.0,0.972181725,7.009375994,0.74044596,2.221234016,23.51283288,48.53093655,8.51131344,0.256009886,2.171114777,0.448704018,1.014425365,11.1887173
CHEMBL574618,0,-0.498512077,14.55969766,20.78385339,10.20382079,11.060934,8.029467846,1.250834009,44.12535618,0.041455673,3.137055953,5.791889269,20.60153425,0.451184464,7.009359838,0.740884902,2.331424487,23.96016668,6.196843572,4.566948973,0.988746963,2.28392455,0.063620113,0.151374715,-12.80951651
CHEMBL359501,0,-0.528859226,13.63109986,20.97392995,0.0,10.88919083,8.014643808,1.330035725,0.0,0.125863581,3.337083104,5.628821372,0.0,0.713531279,6.006000842,0.776025262,2.178344367,0.0,36.39820241,9.450599426,0.996623368,2.128427444,0.250916349,0.337915717,12.44774453
CHEMBL4167543,0,-0.364337959,14.54390046,20.88128621,9.589074368,11.00238301,8.024727244,1.074085709,157.1172124,0.730327772,4.037559114,5.74201419,21.26715442,2.677505943,7.009384748,0.751241736,2.291518305,12.20793278,0.0,6.510258341,0.993033229,2.241608114,1.788720715,0.730327772,17.55818002
CHEMBL447553,0,-0.401360962,14.55029346,26.52493567,9.786941917,10.95563179,35.00142654,1.04198173,28.03618979,0.160482021,4.025494616,5.69429062,10.30076712,0.798482753,7.008270831,0.75267552,2.239392922,11.51895686,0.0,7.536863813,0.255073573,2.189695281,0.376382564,0.391268999,3.508607424
CHEMBL3586141,0,-0.414039081,14.59490298,20.89147113,19.70339264,10.95392109,8.054782756,1.199512001,43.77152599,0.027777778,3.162614737,5.692877011,10.21669833,0.476967887,8.001940403,0.66920988,2.241911488,29.58317996,4.899909731,5.092215281,1.83687921,2.192138454,0.029926396,0.083333333,1.724049338
CHEMBL1911898,0,-0.477954147,17.42477387,24.44173253,4.183085433,10.31911464,17.00213032,0.300309061,38.00208097,0.083909054,4.044165222,5.694085826,4.899909731,0.569575035,8.001922898,0.545848032,2.23926277,33.73360497,51.10304694,6.48863486,0.645323023,2.183574903,0.132676642,0.253436788,-14.32401845
CHEMBL4862477,0,-0.498557664,14.56096578,20.91613964,14.99835797,10.93703276,8.032724663,1.200355819,70.19906627,0.161696944,4.017098656,5.676101622,36.21908998,0.572969487,7.011559254,0.739587423,2.225343297,47.60347812,33.16489874,7.275575307,0.987146831,2.175532665,0.184808031,0.522165527,-13.15097505
CHEMBL3133956,0,-0.477439262,14.56022026,20.91868186,14.99835797,10.93616962,8.029848597,1.200358713,44.87023433,0.130887012,4.017091051,5.675683849,31.23511146,0.402368927,7.010461863,0.74032934,2.225449757,29.68515227,26.96805517,7.430308737,0.989887535,2.175509577,0.109716689,0.438832194,-4.51229916
CHEMBL4856170,0,-0.498530017,14.56085508,20.91557681,14.99835797,10.93703276,8.030011526,1.250444069,49.42785467,0.161696944,3.240989042,5.676101622,30.90230137,0.621785024,7.010460829,0.740819123,2.225343296,35.90918723,12.39368714,7.178035843,0.987854109,2.175532664,0.184808031,0.522165527,-1.83690947
CHEMBL228252,0,-0.526317976,14.54929475,20.91705129,4.983978521,10.93238023,8.029507356,1.26954852,56.6995047,0.068751111,3.309037177,5.668860409,15.61755573,0.570223525,7.009380596,0.741411299,2.214627648,18.04226063,37.44163288,7.384629781,0.987180559,2.165587498,0.090218495,0.215464376,-19.6353602
CHEMBL260222,0,-0.519555399,13.63888454,20.9065105,9.589074368,10.94131259,8.024076461,1.074556658,79.65766413,0.710483282,4.039760311,5.68060875,0.0,1.334637907,7.009671017,0.752406668,2.227792741,11.35056264,0.0,7.148689631,0.988212434,2.17828832,1.243037815,0.776784913,9.182498701
CHEMBL510628,0,-0.396452821,14.59485032,24.44189404,10.11431827,10.31064375,16.00556755,0.604278555,9.884770891,0.251023981,3.19864095,5.697397164,4.983978521,0.333333333,8.001936352,0.669265953,2.229719744,4.923311049,12.14238718,7.304836381,0.652350125,2.169680441,0.290364464,0.426346367,9.261451617
CHEMBL480282,0,-0.334381167,13.64281907,20.87984536,4.794537184,10.9826441,8.028889433,1.080872617,92.4060806,0.125,4.040105805,5.722317848,0.0,2.018358569,7.008296822,0.741537453,2.27210596,11.38429576,0.0,5.429345629,0.992030531,2.22214746,0.498929639,0.137891712,10.44644166
CHEMBL5186325,0,-0.453989813,13.64778949,26.52807974,4.736862954,10.93184017,35.00445536,1.041307224,22.25380597,0.272403163,4.038755968,5.672199049,0.0,1.516512779,7.009377428,0.74044596,2.220867198,23.51283288,48.53093655,8.60170666,0.255068819,2.170607513,0.599211691,0.95886981,11.63665914
CHEMBL5274636,0,-0.528850775,13.62994584,20.90819535,0.0,10.9453071,8.013570827,1.189628787,42.55970131,0.146664663,3.269695462,5.684862481,0.0,0.413860541,6.002808451,0.77643984,2.23383888,0.0,19.24253168,7.413555798,0.992547241,2.184021035,0.253977546,0.380985446,-1.669495168
CHEMBL3134002,0,-0.477438414,14.56021469,20.90568565,14.99835797,10.94664635,8.029843117,1.182551819,71.20489742,0.098811997,4.022512418,5.685924653,31.23511146,0.752048296,7.010460329,0.740330345,2.235391929,29.68515227,26.96805517,6.944147476,0.987155429,2.185528151,0.093679182,0.336770121,-9.61446624
CHEMBL5572742,0,-0.517718331,14.54788124,20.93753612,4.794537184,10.91580342,8.022025127,1.183009362,49.53429501,0.131651528,4.019040243,5.655451505,4.983978521,0.30274943,7.008814931,0.75329245,2.205139914,0.0,0.0,8.481702015,0.992410788,2.155196966,0.231677686,0.39455009,1.195942406
CHEMBL4091412,0,-0.498526308,14.54971834,24.43743759,13.54573548,10.32922249,16.00475393,0.609674979,19.88931523,0.17431404,3.279411114,5.68332564,9.273449712,0.606493072,7.010445177,0.740819569,2.221360816,23.96016668,19.05647134,6.443584605,0.654723083,2.166817684,0.269723444,0.318372786,-13.92486038
CHEMBL1911794,0,-0.36214444,14.54022291,24.44173055,4.183085433,10.3191175,17.00212863,0.300311671,17.23086937,0.088206291,4.044067657,5.694101184,5.316788604,0.451723905,7.014210143,0.756280585,2.239262789,16.22209325,6.066367068,6.105629936,0.645329589,2.183574914,0.125216234,0.272165527,-3.30450878
CHEMBL2376539,0,-0.529836286,14.5490788,22.45706949,0.0,10.92981917,17.002127,1.237650814,22.60826052,0.197168784,3.284724798,5.669309045,9.967957042,0.532087594,3.514873397,0.776050129,2.218244486,0.0,14.21959508,8.309682664,0.773083371,2.168169196,0.294922784,0.587400783,-0.342264258
CHEMBL4862343,0,-0.477451769,14.56145692,20.91994654,19.79289516,10.93703276,8.030508361,1.200354967,62.92087451,0.193771959,4.017103593,5.676101621,41.53587858,0.572969487,7.011562023,0.740273427,2.225343297,47.54135256,33.16489874,7.305243342,0.987205424,2.175532665,0.207488491,0.6242276,-7.606824252
CHEMBL4099049,0,-0.434928386,14.56035015,20.93136934,28.7672231,10.93703275,8.028572253,1.251528898,45.49545857,0.266103237,3.241647572,5.67610162,41.11899971,0.940820618,7.013767273,0.750863205,2.225343291,71.69412335,55.11920963,7.377595321,0.995924501,2.17553266,0.265577414,0.843643696,4.684499814
CHEMBL4877764,0,-0.477453793,14.56146327,20.9203658,19.79289516,10.93703276,8.030514266,1.200353955,75.76251776,0.193771959,4.017105208,5.676101621,41.53587858,0.572969487,7.01156369,0.740272081,2.225343297,47.54135256,33.16489874,7.348519659,0.987146832,2.175532665,0.207488491,0.6242276,-7.69138229
CHEMBL2376555,0,-0.347222149,14.54906696,24.44071946,0.0,10.3114009,16.00450324,0.60999614,21.92195622,0.248596937,3.271096317,5.671324059,9.967957042,0.393471272,2.572150748,1.02459056,2.220324474,0.0,0.0,7.968500729,0.650325792,2.169991783,0.28554491,0.633276638,6.81702866
CHEMBL221205,0,-0.495261227,14.5402494,24.43424002,14.38361155,10.33747746,16.00200404,0.623732014,55.33466335,0.043402778,4.017072682,5.68264282,5.316788604,0.592047458,7.010443164,0.741418143,2.229420815,16.75816857,38.11294267,6.543597048,0.659336065,2.179019568,0.085526871,0.12037037,-1.415859219
CHEMBL222298,0,-0.361221504,14.56999803,20.93096579,44.99507392,10.9370326,8.028623467,1.249490767,55.21528421,0.284879888,3.25172406,5.676101364,57.48624439,1.212986145,7.013779291,0.750863176,2.225342836,71.69412335,18.59053071,7.426249083,1.855624461,2.175532248,0.32416903,0.862372436,9.323455641
CHEMBL1645440,0,-0.529644113,14.55131242,20.92192583,19.55703141,10.93642938,8.023893656,1.183118002,105.3026833,0.078934466,4.02367433,5.672602225,20.60153425,1.304857597,7.009370658,0.751237307,2.218400762,6.041840829,14.21959508,7.934130041,0.987152863,2.169389917,0.139318214,0.247193875,-14.56187338
CHEMBL4099015,0,-0.477453304,14.56066652,20.92320809,14.38361155,10.93703276,8.030517064,1.200355111,43.28597057,0.269103415,4.01710881,5.676101621,46.18704702,0.656302821,7.011563422,0.740273765,2.225343296,47.54135256,39.36174231,7.556536187,0.989876512,2.175532664,0.249253706,0.896393127,-11.9184216
CHEMBL2332801,0,-0.42439183,14.75112684,20.8975463,9.476340119,10.94912067,8.022035769,1.321130504,92.52334354,0.121784111,3.183172411,5.688666176,29.86173661,0.23570226,7.008273379,0.751862284,2.238140317,0.0,4.681802935,5.79928203,0.987143614,2.188246883,0.139132074,0.482307808,-7.879934557
CHEMBL1078271,0,-0.500531999,14.54072822,20.86042609,4.794537184,11.00205457,8.029309899,1.07593352,84.97942783,0.366098169,4.034595994,5.741695781,5.316788604,1.277843176,7.008275672,0.740973318,2.291356391,5.601050811,0.0,5.894402834,0.993403475,2.241419497,0.935306387,0.366098169,9.591321055
CHEMBL3259956,1,-0.477455627,14.56431925,20.91943546,25.20217876,10.93616957,8.030516544,1.200354694,57.71187758,0.130887012,4.017102257,5.675683804,41.86868867,0.520220057,7.011564895,0.740269912,2.225449717,47.54135256,26.96805517,7.462116213,0.989873779,2.175509535,0.109716689,0.438832194,-5.517062244
CHEMBL427419,1,-0.526318253,14.54930038,20.91723674,4.983978521,10.93238022,8.029698589,1.254630721,50.65766387,0.064453874,3.309044188,5.668860402,15.61755573,0.532766047,7.009383268,0.741395279,2.214627644,18.04226063,19.24253168,7.419211954,0.987180558,2.165587493,0.103764431,0.196735636,-17.98597397
CHEMBL465040,1,-0.489311133,13.6429418,20.89242838,0.0,10.95422112,8.029027293,1.088327942,63.73622397,0.266585792,4.037707603,5.693742401,0.0,0.948736314,7.008274187,0.741447427,2.242453702,11.5703561,12.13273414,5.762837237,0.988540889,2.192686293,0.519347624,0.36203527,5.012924681
CHEMBL5393769,1,-0.503593955,13.65016213,20.92993263,9.589074368,10.92577026,8.036087748,1.117502967,51.1053452,0.133678625,4.036791697,5.665249345,0.0,2.097494106,7.011570538,0.739751067,2.213687301,92.55040184,0.0,8.414900881,0.99502003,2.163965154,0.348664721,0.265514307,10.28638025
CHEMBL578250,1,-0.498491243,14.55681779,20.91103831,4.794537184,10.93703182,8.029472435,1.183772573,37.85299558,0.133919166,4.022112825,5.676099313,20.26872417,0.853613262,7.009360772,0.740885237,2.225340016,23.96016668,6.196843572,6.303913067,0.989580635,2.175529568,0.181055679,0.429716377,-6.158386178
CHEMBL5175083,1,-0.529021454,13.65164769,20.91701209,4.794537184,10.94653133,8.037678719,1.093700324,103.4154459,0.225203857,4.116859217,5.685982401,0.0,2.728516777,7.011594927,0.740366594,2.234209182,117.6854566,39.83733597,7.449243465,0.993035653,2.184526266,0.60682741,0.494922096,6.157462294
CHEMBL2376553,1,-0.47271825,14.59485889,20.92472288,10.11431827,10.93200969,8.054803012,1.246021811,22.80505645,0.217207756,3.271512401,5.671286165,9.967957042,0.560137939,8.00193715,0.668576066,2.220737922,4.923311049,6.066367068,8.13519815,2.751968297,2.170871726,0.260340062,0.686026068,9.649137463
CHEMBL448867,1,-0.316578133,13.62466573,24.44071721,0.0,10.3113857,16.00450249,0.609988562,25.32883194,0.147256081,3.209515405,5.6890793,0.0,0.30274943,6.003957461,0.784260374,2.233999941,0.0,17.40315295,6.144889517,0.65032998,2.180556656,0.179585698,0.219416097,7.819977891
CHEMBL3215523,1,-0.526392981,14.55122492,20.9257196,9.967957042,10.93237747,8.022914817,1.257324104,116.8775424,0.073352191,3.313626608,5.668874478,20.60153425,0.564720323,7.008278803,0.750893769,2.214674614,0.0,14.21959508,8.025817804,0.98714361,2.165625324,0.145304718,0.226804606,-27.06495406
CHEMBL3260498,1,-0.49805996,14.54995497,22.45711076,33.56176029,10.93177344,17.00214359,1.130019826,124.8735068,0.167802368,4.024062126,5.671222618,42.53430883,2.843890596,7.017224935,0.739997818,2.220079486,249.1871564,6.9237372,8.559617901,0.773075392,2.170287415,0.373805173,0.4087087,-1.285088461
CHEMBL5286132,1,-0.451458692,14.57116411,20.89868955,59.37868547,10.95138252,8.032664023,1.204250078,215.6003026,0.443019621,3.291860888,5.68564109,62.71896421,1.25073027,7.01710298,0.750206239,2.226230574,94.97911403,23.62357098,7.540988645,0.987899287,2.178269113,0.367560826,0.521650593,-10.85449958
CHEMBL2332796,1,-0.423959549,14.75113116,20.90307966,9.476340119,10.94912067,8.022038963,1.321130864,78.32141459,0.153859126,3.183279224,5.688666175,29.86173661,0.23570226,7.008274335,0.75186041,2.238140317,0.0,4.681802935,6.379062653,0.987929936,2.188246883,0.161812534,0.584369881,-3.295371985
CHEMBL1089445,1,-0.39569405,13.63706146,20.96000424,4.794537184,10.90028889,8.022277467,1.359073469,27.81725746,0.136241682,3.300461988,5.639980899,0.0,0.374952754,7.008276337,0.752724032,2.189925455,0.0,48.55024262,8.546594214,1.990920801,2.139935183,0.139870995,0.407617628,13.53111815
CHEMBL4756778,1,-0.477472101,14.55231502,24.44071448,0.0,10.31169084,16.00450442,0.610132126,20.7712116,0.270548363,4.01707982,5.675153373,19.85184529,0.438832194,7.008274954,0.740494285,2.223768343,11.69429088,11.33678588,8.269219494,0.650333407,2.172593403,0.366219132,0.706415337,-9.85325139
CHEMBL1645433,1,-0.529644113,14.55239259,20.92217688,14.76249423,10.93642938,8.023946187,1.183118002,111.7235049,0.078934466,4.023679662,5.672602225,25.91832285,1.256042061,7.009372682,0.750446425,2.218400762,6.041840829,14.21959508,7.937349584,0.987152863,2.169389917,0.139318214,0.247193875,-17.84603535
CHEMBL4281065,1,-0.517262444,13.63846543,20.88414293,9.589074368,10.96504986,8.02375265,1.127587676,59.29614134,0.083165064,4.023010542,5.704173552,0.0,0.843378713,7.009358299,0.751699566,2.249997453,11.7050172,0.0,6.216606101,0.987659613,2.20075188,0.224008598,0.140200187,2.843069998
CHEMBL1373985,1,-0.524382806,14.54907453,20.92977494,0.0,10.9301984,8.01155947,1.244786152,22.60826052,0.204611817,3.271695337,5.669562393,9.967957042,0.511322403,6.002808862,0.775949622,2.219090039,0.0,13.17616461,8.174471782,0.997571718,2.169202361,0.251971632,0.617984686,5.136593648
CHEMBL3287782,1,-0.500285355,17.43384107,20.87332613,0.0,10.97106112,9.01738091,1.219431198,75.37209417,0.118707126,4.023644345,5.704464963,39.72629015,1.113219278,8.010509721,0.524606337,2.247475969,35.56878064,0.0,7.937979982,0.987932557,2.199159537,0.159026761,0.499485066,-22.37860256
CHEMBL2207692,1,-0.523836099,13.63933138,20.91475416,9.589074368,10.93324735,8.024522662,1.162994369,51.29140555,0.069751588,4.018056114,5.672599716,0.0,0.670925383,7.009362901,0.751711494,2.220147166,34.77053076,0.0,7.133620124,0.99551795,2.170582626,0.194252994,0.130510481,9.576167614
CHEMBL4081015,1,-0.434928888,14.56035546,20.93192664,28.7672231,10.93703275,8.028581167,1.251389054,58.33710181,0.266103237,3.241662186,5.67610162,41.11899971,0.940820618,7.013769786,0.7508632,2.225343291,71.69412335,30.85374135,7.381338918,0.995923034,2.17553266,0.265577414,0.843643696,4.452913054
CHEMBL2376544,1,-0.472719643,14.59485991,32.51706911,10.11431827,10.43480313,53.0012633,1.004569354,22.80505645,0.209764723,3.272545579,5.671266021,9.967957042,0.560137939,8.001937443,0.668575919,2.218327161,4.923311049,6.066367068,8.255603158,0.151455017,2.139883422,0.37166161,0.655442165,11.55267008
CHEMBL572797,1,-0.363895619,14.56010068,20.89019268,14.99835797,10.95526998,8.023307761,1.183771734,50.69463883,0.071034219,4.022112986,5.694858688,25.91832285,0.717530499,7.009361853,0.751051256,2.244736014,17.99086139,6.196843572,5.379609294,0.989898944,2.194765716,0.095679796,0.244320971,-4.768063429
CHEMBL560417,1,-0.459355212,13.64298514,20.90304427,4.794537184,10.9451986,8.029085287,1.322942275,77.8496971,0.018042196,3.276890836,5.684633195,0.0,0.303561201,7.008275435,0.74122712,2.232773681,5.969305288,0.0,6.00589123,0.987588873,2.183102167,0.049018644,0.045360921,0.713890367
CHEMBL3218064,1,-0.426340994,14.56108789,20.93769175,4.794537184,10.91430622,8.022033526,1.330229939,47.67109373,0.164647018,3.269287401,5.654002946,9.551078169,0.421006446,7.008273436,0.751864245,2.203998772,0.0,0.0,7.850843115,0.987933379,2.153999846,0.22760742,0.547983517,-0.409561444
CHEMBL2332806,1,-0.423725774,14.75112794,20.89772261,9.476340119,10.94912067,8.02203656,1.235211533,104.4830904,0.182588085,3.206578242,5.688666175,29.86173661,0.282117557,7.008273565,0.751861795,2.238140317,0.0,0.0,5.949339621,0.987930254,2.188246883,0.212999952,0.553155315,-4.815732824
CHEMBL466161,1,-0.530596092,13.63740038,20.9189935,0.0,10.93648922,8.02275536,1.16985275,44.59129681,0.165404575,3.25617688,5.676123586,0.0,0.560800747,6.003872508,0.75098878,2.225647134,0.0,12.13273414,7.723296377,0.993561431,2.175733465,0.268022672,0.39856859,6.887239819
CHEMBL3342324,1,-0.490737713,14.54848752,20.89449986,28.7672231,10.95442863,8.032893571,1.2213526,52.52086516,0.272433306,3.210489626,5.694105561,30.650095,1.151502341,7.014823535,0.741176367,2.24407007,84.2703106,42.49352859,6.11202151,0.993018549,2.194078318,0.289864381,0.445480992,-33.52141308
CHEMBL4787219,1,-0.459563772,14.55222905,26.52389347,0.0,10.31169297,35.00041824,0.610133515,0.0,0.266826847,3.279273727,5.675151468,14.53505669,0.438832194,4.004857899,1.011166642,2.222464126,0.0,11.33678588,8.282928458,0.256010472,2.171017383,0.408498283,0.691123385,2.390003641
CHEMBL584562,1,-0.498542016,14.55979084,20.80154459,10.20382079,11.04509183,8.031955621,1.183769242,65.90239894,0.038959204,4.022493088,5.781280215,25.91832285,0.668714962,7.010453166,0.739593247,2.325763938,35.65445756,26.96805517,5.38907173,0.987155449,2.277306426,0.072999335,0.142258898,-22.30027747
CHEMBL1645439,1,-0.529644113,14.55131055,20.92175745,19.55703141,10.93642938,8.023893983,1.183118002,98.8818617,0.078934466,4.023672596,5.672602225,20.60153425,1.304857597,7.009370289,0.751165508,2.218400762,6.041840829,14.21959508,7.934130041,0.987152863,2.169389917,0.139318214,0.247193875,-14.54055374
CHEMBL575893,1,-0.49852016,14.55688016,20.9113638,4.794537184,10.93703276,8.031960963,1.183769058,58.62420718,0.133919166,4.022502971,5.676101659,25.58551277,0.804797726,7.010453897,0.739593326,2.225343398,35.65445756,33.16489874,6.569859373,0.987155449,2.175532748,0.181055679,0.429716377,-17.54337871
CHEMBL5193721,1,-0.529021204,13.65163177,20.9151639,4.794537184,10.9465313,8.037657572,1.093722001,96.49170868,0.231735397,4.034877673,5.685982363,0.0,2.295080366,7.01159401,0.740375144,2.234209035,112.4388604,26.83757867,7.401727173,0.993035653,2.184526144,0.584564659,0.506630971,6.179075912
CHEMBL474973,1,-0.342473013,14.64189009,20.87874352,0.0,10.97533448,8.022115231,1.08762102,105.2477239,0.36481133,4.030715599,5.714712486,5.425791397,1.022341062,7.008276803,0.750575943,2.264290721,6.031114512,5.57310453,6.29156914,0.988337239,2.214400643,0.845376836,0.393634553,15.5510582
CHEMBL1835983,1,-0.512319143,14.54805721,20.91982578,4.794537184,10.93088214,8.023735984,1.171849991,92.85566169,0.130271561,3.330817838,5.669232211,4.983978521,0.593416943,7.008275005,0.750194637,2.216918872,5.907179729,0.0,7.952620608,0.991741215,2.167415891,0.334505419,0.317106007,4.03422943
CHEMBL3218059,1,-0.52937347,14.5610874,20.90584428,4.794537184,10.94911816,8.022173787,1.330229939,47.67109373,0.140590756,3.269232948,5.688629266,9.551078169,0.337673112,7.008272859,0.751850245,2.237518031,0.0,7.109797541,7.646945177,0.987858087,2.187976508,0.178065202,0.479942135,-6.474581815
CHEMBL5639120,1,-0.503229186,13.65123299,20.87284292,0.0,10.97153382,8.038791136,1.315735277,95.44575661,0.012757759,3.277686098,5.710389984,0.0,0.321401267,7.008283635,0.720615306,2.254081359,0.0,0.0,5.302216007,0.987143613,2.205247001,0.037977071,0.045360921,-1.649021642
CHEMBL1645434,1,-0.529644113,14.55238995,20.92200462,14.76249423,10.93642938,8.02394411,1.183118002,105.3026833,0.078934466,4.023677909,5.672602225,25.91832285,1.256042061,7.009372265,0.7504465,2.218400762,6.041840829,14.21959508,7.936635025,0.987152863,2.169389917,0.139318214,0.247193875,-17.84416987
CHEMBL474997,1,-0.369425725,14.64578003,24.44046455,5.425791397,10.31321572,16.00441322,1.087620994,105.2477239,0.36481133,4.030715714,5.714700763,5.425791397,1.022341062,4.008071109,0.979793408,2.264187693,0.0,5.57310453,6.306275287,0.653452203,2.214239588,0.845376836,0.393634553,15.84887776
CHEMBL3218063,1,-0.529378577,14.56108845,20.90636218,4.794537184,10.94911817,8.022174655,1.330229939,47.67109373,0.140590756,3.269072125,5.688629781,9.551078169,0.337673112,7.008273065,0.751849703,2.237591624,0.0,7.109797541,7.455725394,0.987857569,2.187997852,0.181726367,0.479942135,-6.599346292
CHEMBL3218066,1,-0.426226046,14.56141363,20.90152027,9.778515705,10.94911817,8.022031253,1.330229939,47.80157023,0.137658178,3.269022206,5.68862985,14.53505669,0.337673112,7.008272584,0.751865469,2.237601783,0.0,6.196843572,7.410831422,0.98793467,2.188000859,0.168312491,0.498670874,-8.15209234
CHEMBL574586,1,-0.498517659,14.55971355,20.83996163,10.20382079,11.01054986,8.029480279,1.124629602,62.88490548,0.283777281,4.02501922,5.749344707,20.60153425,0.501024148,7.00936264,0.740879843,2.297972702,23.96016668,0.0,6.135294292,0.997565846,2.24835101,0.666545618,0.387076975,0.239492725
CHEMBL3218054,1,-0.426753203,14.56108245,20.90076116,4.794537184,10.94911817,8.022030055,1.314613377,87.55630917,0.112812979,3.268967565,5.688629856,9.551078169,0.337673112,7.008272394,0.751865852,2.237602892,0.0,0.0,7.153531396,0.98714361,2.188001148,0.150744282,0.396608802,-6.742273831
CHEMBL3586142,1,-0.414051113,14.59492159,20.90509584,24.60330237,10.95392079,8.05480886,1.199511836,54.89842898,0.091927808,3.163041519,5.692876823,15.11660807,0.476967887,8.001942876,0.669205101,2.241911381,29.58317996,4.899909731,6.020416369,1.837905946,2.192138333,0.075287318,0.287457479,-2.508961928
CHEMBL3310071,1,-0.477457982,14.56104272,20.91503358,19.22120014,10.93703276,8.031104896,1.124593682,126.4211876,0.662514524,4.027212948,5.676101621,46.35035501,0.922648856,7.01156466,0.740269742,2.225343296,47.54135256,33.16489874,7.418792599,0.989547063,2.175532664,1.44114758,1.06161143,-4.57860333
CHEMBL222299,1,-0.361298568,14.57683913,20.94241103,59.9934319,10.9370326,8.031421408,1.249361976,73.62037895,0.37983985,3.258438787,5.676101363,78.42058873,1.584771168,7.016023377,0.750859548,2.225342835,95.59216447,36.92010842,7.73631392,1.85562354,2.175532248,0.432225374,1.149829914,10.0770817
CHEMBL3780369,1,-0.47540209,14.64332022,22.45586966,9.778515705,10.93739013,17.00110371,1.279006194,22.91825565,0.178256094,3.254616105,5.676388002,14.97686957,0.532117557,7.008272193,0.751682844,2.225520623,6.227901171,36.66880846,7.582816054,0.774005142,2.175732834,0.221295731,0.627033725,-2.693981186
CHEMBL4061859,1,-0.498436259,14.54953524,24.43743733,4.794537184,10.32922297,16.00475367,0.609674224,26.31013685,0.17431404,3.279480128,5.683326095,3.956661108,0.376956822,7.009360538,0.740830004,2.221360893,6.041840829,6.066367068,6.47152486,0.654723752,2.166817711,0.258145823,0.318372786,-12.01913606
CHEMBL32,1,-0.524082255,17.42477286,20.91215864,4.794537184,10.93339855,9.004070986,1.180347893,42.083116,0.35943074,3.326792031,5.669266044,9.883888252,0.760158979,8.001920891,0.545847722,2.212571984,17.21531652,4.567099648,8.007074349,0.997569369,2.163990778,0.509654564,0.612887369,-14.83763435
CHEMBL1172613,1,-0.47166552,14.55862519,20.90444124,4.794537184,10.94497361,8.023748477,1.161416058,52.20400992,0.080287461,3.294945848,5.683700498,4.730407642,0.705169962,7.008281055,0.741005462,2.231649793,6.103966388,6.196843572,7.110287876,0.98752849,2.182156687,0.152522264,0.202978549,-2.265511056
CHEMBL3220431,1,-0.361337486,14.61407614,21.00590294,139.1650125,10.93703267,8.049948489,1.248951611,211.4489741,0.759679701,3.298806627,5.676101571,183.4251205,3.523095728,7.029890629,0.750915985,2.225343156,282.5840099,219.4330265,8.463508883,1.83696092,2.175532557,0.864450747,2.299659829,8.873431034
CHEMBL3234314,1,-0.458344068,17.43181265,20.91989867,9.694446915,10.93372738,9.014878874,1.219002577,77.06053742,0.267682403,4.022141309,5.669631184,29.67426431,1.294162639,8.008573983,0.526741234,2.213236398,40.56035885,12.13273414,8.390144313,1.824540687,2.164607444,0.27513881,0.589061313,-9.319450625
CHEMBL496449,1,-0.296048822,13.62437514,20.89323065,0.0,10.95312243,8.007308794,1.313781351,69.77166772,0.024056261,3.092562191,5.692617146,0.0,0.0,6.003871595,0.787131562,2.241183153,0.0,12.13273414,4.490740895,1.815577341,2.191435895,0.03852692,0.068041382,4.294947333
CHEMBL507446,1,-0.295776224,13.62466918,24.44073823,0.0,10.31143813,17.00213541,0.604585251,0.0,0.268696366,3.211767651,5.686029697,0.0,0.330933093,6.003956338,0.784260371,2.234161213,0.0,12.13273414,6.123862485,0.652941495,2.183626308,0.298440868,0.316047027,8.18809103
CHEMBL2332797,1,-0.420233105,14.75113014,20.90252861,9.476340119,10.94912067,8.022038245,1.321131708,78.32141459,0.153859126,3.183682953,5.688666175,29.86173661,0.23570226,7.008274129,0.75186097,2.238140317,0.0,4.681802935,6.503211621,0.987930568,2.188246883,0.157584985,0.584369881,-3.252036955
CHEMBL4083061,1,-0.498513979,14.56012399,20.92432805,9.589074368,10.93703276,8.030032096,1.182387292,69.62063366,0.228433926,4.023679689,5.676101621,35.55346981,1.571143761,7.010465859,0.740815134,2.225343295,35.90918723,12.39368714,7.704933381,0.987152839,2.175532663,0.250053786,0.756873575,-5.970613358
CHEMBL219823,1,-0.437572144,14.55157943,24.44073784,9.589074368,10.3100841,16.00450436,0.604042051,4.877147194,0.077635438,3.362692869,5.642484844,4.567099648,0.712112672,7.009366268,0.749993425,2.175929861,0.0,38.23687746,8.440897913,0.653134083,2.121588922,0.202709374,0.165731292,-1.122705804
CHEMBL3218068,1,-0.426106818,14.56250264,20.90460839,4.794537184,10.94911817,8.022034565,1.330229939,47.93204673,0.192629853,3.269302061,5.688629855,19.51903521,0.421006446,7.008273292,0.751863136,2.237602751,0.0,0.0,7.660451135,0.987933986,2.188001119,0.241803819,0.68406628,-7.752856063
CHEMBL3220432,1,-0.361361491,14.6464696,21.06974587,199.1584444,10.93703267,8.06483281,1.248941572,285.0693531,1.139519551,3.346813001,5.676101553,267.1624978,5.010235823,7.039667933,0.750902978,2.225343102,460.0496568,359.3508986,8.879156937,1.83696092,2.175532515,1.296676121,3.449489743,11.76572985
CHEMBL3115986,1,-0.528617681,14.54335732,26.52493679,4.794537184,10.94366344,35.00142685,1.041958278,24.97437738,0.1841432,4.029283608,5.684599732,4.899909731,0.822252155,7.008271995,0.751808386,2.231582613,5.724985594,25.30889875,6.846843507,0.255074247,2.18078323,0.396324975,0.428683817,-5.545011694
CHEMBL3218071,1,-0.426753133,14.56142094,20.91769436,4.794537184,10.93703529,8.022035086,1.327892728,60.51273697,0.207772941,3.269804033,5.676113217,14.53505669,0.473755876,7.008273644,0.751862899,2.225366411,0.0,0.0,7.39014767,0.987932539,2.175553335,0.26211143,0.68406628,-2.730950513
CHEMBL4077660,1,-0.434928315,14.56034683,20.92560417,28.7672231,10.93703276,8.028566207,1.204292399,85.35614777,0.340387532,3.24170629,5.676101621,41.11899971,0.987235914,7.013765072,0.750863172,2.225343296,71.69412335,49.05284256,7.291988771,1.824386149,2.175532664,0.286164623,0.862372436,2.847146478
CHEMBL4086566,1,-0.415735332,14.55090423,24.43856752,17.50239658,10.32853453,16.0058222,0.609037581,37.76696815,0.431961413,3.288072967,5.683289952,7.913322217,0.617019111,7.009367581,0.748238774,2.221358572,0.0,0.0,7.696297863,0.653876086,2.166813561,0.596942321,0.720078905,-13.63687231
CHEMBL2021445,1,-0.385197609,14.56211102,26.52494213,20.40764158,10.93558939,35.00142824,1.043130786,36.81018948,0.309123313,4.043319853,5.675814045,30.81823258,1.416951601,7.009372955,0.750753311,2.223672493,29.05830191,12.39368714,7.626817648,0.255072043,2.17339158,0.562675175,0.818508472,5.947276246
CHEMBL3218061,1,-0.529190504,14.56108845,20.90637754,4.794537184,10.94911817,8.022174712,1.330229939,47.67109373,0.140590756,3.269176008,5.688629778,9.551078169,0.421006446,7.008273065,0.751849764,2.237590755,0.0,7.109797541,7.45426095,0.987857572,2.187997612,0.181726367,0.479942135,-6.599346292
CHEMBL163316,1,-0.527661366,13.63995058,20.91550892,4.794537184,10.93248928,8.025358637,1.364085536,0.0,0.057647354,3.307797249,5.671346544,0.0,0.56710403,7.008282216,0.748617452,2.215384454,16.92781406,0.0,8.019119252,0.997574701,2.166442812,0.101640565,0.168957858,7.281788108
CHEMBL440896,1,-0.396036116,14.59491795,24.4407203,10.11431827,10.31134415,16.00450358,0.604948799,10.70155169,0.183984665,3.19864095,5.694955368,9.967957042,0.333333333,8.001936405,0.669265283,2.240728663,4.923311049,12.14238718,7.304836381,0.65318573,2.191738145,0.184503014,0.426346367,7.11131486
CHEMBL452338,1,-0.395985939,14.59499294,24.4407201,10.11431827,10.31134438,16.00450359,0.604948904,10.70155169,0.174086031,3.19864095,5.720934601,14.95193556,0.333333333,8.001936444,0.66926481,2.257556732,4.923311049,30.47196488,7.304836381,0.653185863,2.199208389,0.172553458,0.426346367,2.033876908
CHEMBL467407,1,-0.306591017,13.62548938,20.91575412,0.0,10.93903515,8.008445049,1.169853163,55.71819979,0.116652493,3.255155119,5.678587047,0.0,0.511985211,6.004931211,0.786519431,2.227549311,0.0,42.48387556,7.016048989,0.993561376,2.177732627,0.207233032,0.206930271,10.68829764
CHEMBL1082,1,-0.390268205,14.54423497,24.43423464,9.589074368,10.33782609,16.00200395,0.617318552,25.45276672,0.651569551,4.023078419,5.693175174,10.21669833,0.836549603,7.010460017,0.741398751,2.24221385,46.0300825,13.8474744,5.309195485,0.659357395,2.192396919,1.15697343,0.858586178,3.646486133
CHEMBL261875,1,-0.516787437,13.6388908,20.90634535,9.589074368,10.94131365,8.024083019,1.074849762,73.23684251,0.710483282,4.039755296,5.680609744,0.0,1.330415152,7.009670608,0.752406354,2.227793281,17.13380759,0.0,7.142209621,0.988212899,2.178288941,1.232208932,0.776784913,9.187787886
CHEMBL3581983,1,-0.528470567,13.63787582,20.91975906,4.794537184,10.94587616,8.022976355,1.184430804,51.55740428,0.12543179,3.286884332,5.685221139,0.0,0.462175462,7.008277201,0.752726426,2.232711738,6.103966388,60.66367068,7.490407256,0.997565909,2.183156771,0.18665837,0.350916477,10.61365562
CHEMBL4082442,1,-0.36109392,14.56057817,20.9293649,14.38361155,10.93703276,8.024647925,1.182387292,75.18408515,0.260508941,4.023694044,5.676101621,40.87025842,1.571143761,7.010468914,0.75099279,2.225343295,35.84706168,12.39368714,7.764755362,0.987152839,2.175532663,0.272734246,0.858935648,-1.292112682
CHEMBL3218058,1,-0.422727751,14.56108173,20.9056742,4.794537184,10.94911816,8.022029667,1.330229939,47.67109373,0.144887994,3.269180557,5.688629319,9.551078169,0.337673112,7.008272316,0.751866785,2.23753229,0.0,0.0,7.574263667,0.987935155,2.187980547,0.169763578,0.498670874,-2.823853389
CHEMBL2376558,1,-0.347227586,17.42477188,26.5238932,0.0,10.93011444,35.00041822,1.043374117,22.60826052,0.204611817,3.271667055,5.669612822,9.967957042,0.560137939,8.00191838,0.545863052,2.219033962,0.0,0.0,8.148461481,0.256013587,2.169077168,0.287730388,0.617984686,5.43211839
CHEMBL3218053,1,-0.426752465,14.56108004,20.90051717,4.794537184,10.94911817,8.022028639,1.324221042,74.71466593,0.112812979,3.268956648,5.688629856,9.551078169,0.337673112,7.008271981,0.751866988,2.237602893,0.0,0.0,7.144693865,0.98714361,2.188001148,0.150744282,0.396608802,-6.632936156
CHEMBL45152,1,-0.402919396,14.54954033,24.43743687,4.794537184,10.32922355,16.0047533,0.60972091,0.0,0.201093244,3.278711942,5.683241913,3.956661108,0.293217604,7.008277369,0.748952358,2.221352182,0.0,3.956661108,7.245688501,0.654731413,2.166815944,0.25602651,0.420434858,-6.643796409
CHEMBL3133986,1,-0.360874403,14.55710488,20.92736741,9.589074368,10.93616964,8.023322873,1.253736107,16.82083098,0.225846974,3.240981379,5.675683871,25.58551277,0.587267227,7.009366114,0.751051252,2.225340016,17.99086139,6.196843572,7.620967384,1.984268744,2.175509597,0.217773033,0.726289672,6.842959703
CHEMBL227541,1,-0.529120509,14.55090943,20.91988545,4.983978521,10.93645043,8.029286271,1.183275533,38.44941271,0.134427196,4.022125347,5.672602564,20.60153425,0.955584114,7.009380579,0.741422973,2.218363143,18.04226063,13.30664111,7.527386259,0.98931548,2.16936294,0.176615733,0.411054416,-15.48198523
CHEMBL4855929,1,-0.361052572,14.56134407,20.91960582,19.79289516,10.93703276,8.02462799,1.2503114,54.99130616,0.193771959,3.241080391,5.676101621,36.21908998,0.621785024,7.010463873,0.750992811,2.225343296,29.93988195,6.196843572,7.258161789,0.987927532,2.175532664,0.207488491,0.6242276,3.799256105
CHEMBL540975,1,-0.369516248,14.54425215,20.85770676,4.899909731,10.9919234,8.007254431,1.185045793,180.7888366,0.243908426,3.158981388,5.730900258,15.53348694,0.469416097,6.003666215,0.787166175,2.280042294,0.0,5.57310453,4.882801923,0.99305285,2.230256038,0.430605363,0.343013034,-4.699058406
CHEMBL4865169,1,-0.361049836,14.56135111,20.92834577,19.79289516,10.93616959,8.024633361,1.250311461,29.66247422,0.225846974,3.241229687,5.675683824,36.21908998,0.705118357,7.010465512,0.750992809,2.225343296,29.93988195,6.196843572,7.661337725,1.85569148,2.175509551,0.217773033,0.726289672,8.864610059
CHEMBL4862267,1,-0.477454798,14.56147047,20.92922456,19.79289516,10.93616955,8.030521524,1.200354356,50.43368582,0.225846974,4.017108705,5.675683788,41.53587858,0.656302821,7.01156588,0.740271167,2.225343297,47.54135256,33.16489874,7.722610076,0.989872942,2.175509523,0.217773033,0.726289672,-2.847005
CHEMBL5180249,1,-0.515152251,13.64613487,20.92716013,0.0,10.93039734,8.032221836,1.120315709,90.69134034,0.123497658,4.034578443,5.66986404,0.0,1.200247383,7.009388233,0.740332717,2.218243947,23.1407122,25.13249144,8.28878581,0.98766682,2.168528284,0.301726969,0.243092524,4.699659448
CHEMBL4065177,1,-0.434928902,14.56035218,20.94435887,28.7672231,10.91304951,8.028575039,1.194005142,94.01915148,0.328071541,3.246624055,5.652743546,41.11899971,1.151502341,7.013767421,0.750863197,2.202735433,77.6120294,18.72100722,7.668422372,0.98765691,2.152737269,0.319680163,0.809623006,2.112357165
CHEMBL4781785,1,-0.465034936,14.55312445,26.52389382,0.0,10.31169199,35.00041831,0.610132677,0.0,0.292798075,3.283970524,5.675127215,14.11817782,0.522571412,3.513017453,0.77713153,2.222455227,0.0,18.44658342,8.347131178,0.256008264,2.171009152,0.452476706,0.734524519,-15.59730225
CHEMBL574091,1,-0.529836289,17.42581671,20.93000481,0.0,10.9299794,9.005173769,1.24469164,22.60826052,0.197168784,3.272597102,5.669276917,9.967957042,0.393471272,8.002961778,0.545238281,2.21852793,17.55234773,14.21959508,8.334297095,0.996623366,2.168690896,0.258553135,0.587400783,-1.64808428
CHEMBL3310065,1,-0.360943713,14.56057755,20.91875294,14.38361155,10.93703276,8.024647117,1.124593683,111.2134274,0.694589539,4.026745545,5.676101621,40.87025842,0.971464392,7.010467724,0.750992789,2.225343295,29.93988195,0.0,7.415751121,1.948620367,2.175532663,1.463828041,1.163673502,6.155414219
CHEMBL327502,1,-0.52933497,14.5495423,24.4374373,4.794537184,10.32922269,16.00475354,0.609720224,0.0,0.196796007,3.278777628,5.68323899,3.956661108,0.293217604,7.008277908,0.74893551,2.22135186,0.0,11.06645865,7.437325986,0.654728969,2.166815897,0.265444957,0.401706119,-9.443920354
CHEMBL479149,1,-0.487211803,13.64279442,20.89750674,0.0,10.9542214,8.028892595,1.151731685,63.23330839,0.214750517,4.024266355,5.693742731,0.0,0.527638648,7.00827308,0.741480291,2.242454386,0.0,23.2789432,5.738385169,0.988707346,2.192686907,0.387515085,0.332630319,2.805333395
CHEMBL228119,1,-0.526318347,14.55091447,20.92224071,4.983978521,10.9323802,8.029519252,1.254096265,50.65766387,0.131636058,3.309424388,5.668860392,20.60153425,0.66884881,7.009382437,0.741407175,2.214627639,18.04226063,13.30664111,7.591887336,0.987180557,2.165587487,0.17975632,0.400859781,-19.48281004
CHEMBL435138,1,-0.361336794,14.58391119,20.95461722,74.99178987,10.93703259,8.034317581,1.249302917,92.02547369,0.474799813,3.265912079,5.676101362,99.35493306,1.956556192,7.018291158,0.750857206,2.225342834,131.4093147,97.71425561,7.972650536,1.855622983,2.175532247,0.540281717,1.437287393,10.81244635
CHEMBL1722692,1,-0.526506363,14.54954267,24.4374373,4.794537184,10.32922271,16.00475354,0.609719285,0.0,0.196796007,3.282877333,5.68323736,3.956661108,0.348773159,7.008277908,0.748925108,2.221351534,0.0,11.06645865,7.384532789,0.654729008,2.166815846,0.262797052,0.401706119,-9.443920354
CHEMBL4099524,1,-0.502307794,13.65146254,20.86295432,4.794537184,10.9793421,8.039008522,1.322435503,87.7531051,0.014731391,3.253686723,5.717951852,0.0,0.23570226,7.009368684,0.720624026,2.259900945,5.625586319,0.0,5.112552388,0.98714361,2.21137407,0.030384506,0.055555556,-1.550968409
CHEMBL2376557,1,-0.347227586,14.54906892,26.5238931,0.0,10.93013152,35.00041818,1.043832751,22.60826052,0.208333333,3.271292577,5.669639462,9.967957042,0.393471272,2.572184368,1.02459056,2.219093633,0.0,0.0,8.094318824,0.256012575,2.169136511,0.288095508,0.633276638,5.78994071
CHEMBL488771,1,-0.401437941,14.55029376,26.52389325,14.5814791,10.33800214,35.00041817,0.619426366,34.45701141,0.489887034,4.030230933,5.69801554,10.30076712,0.865346181,7.009355841,0.752140169,2.243050857,0.0,11.76188495,7.658434068,0.256009739,2.193815158,0.909401355,0.605345174,3.935785063
CHEMBL3218052,1,-0.426752771,14.56107763,20.90028192,4.794537184,10.94911817,8.022027225,1.330229939,61.87302268,0.112812979,3.268945723,5.688629857,9.551078169,0.337673112,7.008271569,0.751868127,2.237602874,0.0,0.0,7.113590527,0.987143614,2.188001143,0.150744282,0.396608802,-6.50075574
CHEMBL3215963,1,-0.529643982,14.5511498,24.44046618,9.967957042,10.31321452,16.00441418,1.198840212,39.53076089,0.084699815,3.246131677,5.673399485,20.60153425,0.272165527,3.514900975,0.776049695,2.21944301,0.0,14.21959508,7.536338938,0.653451876,2.170371173,0.126895614,0.277777778,-17.73474217
CHEMBL29,1,-0.390291435,14.54386924,24.43423439,9.589074368,10.33782638,16.0020037,0.61731895,19.41092589,0.655866789,4.023074812,5.69416527,10.21669833,0.604241795,7.010455564,0.741414553,2.244077663,22.8000094,0.0,5.157257708,0.659357589,2.194095535,1.153611653,0.877314918,-3.234949662
CHEMBL4087962,1,-0.434928782,14.56034893,20.9217736,28.7672231,10.93703275,8.028569006,1.204022365,112.2757852,0.41037459,3.241554188,5.676101621,41.11899971,0.940820618,7.013765419,0.750863203,2.225343296,71.69412335,12.52416365,7.184809789,1.824359471,2.175532664,0.339814888,0.862372436,1.027354832
CHEMBL573604,1,-0.529372655,14.54335325,24.43422717,4.899909731,10.33808786,16.00200304,0.622272671,31.7085359,0.221426945,4.01706659,5.694204727,4.899909731,0.373413408,7.009373829,0.739547683,2.242666744,29.07930981,40.01374328,5.779199114,0.654938743,2.192399838,0.306662376,0.25,-10.70960977
CHEMBL5639878,1,-0.503227578,13.65123053,20.87262472,0.0,10.97153364,8.038788116,1.323220499,82.60411336,0.012757759,3.277674968,5.710389808,0.0,0.321401267,7.008283223,0.72061713,2.254081191,0.0,0.0,5.191740834,0.987143613,2.20524683,0.037977071,0.045360921,-1.626837653
CHEMBL572447,1,-0.477670218,14.54335364,24.43422748,4.899909731,10.33808835,17.00110393,0.622270853,31.7085359,0.217705429,4.017067541,5.693799167,4.899909731,0.457152626,7.009375359,0.739547871,2.24028781,29.07930981,20.7712116,5.733846813,0.65493493,2.189204515,0.326216112,0.234708048,-4.957658829
CHEMBL3581981,1,-0.529405267,13.63787535,20.91976358,4.794537184,10.94577844,8.022975733,1.184431793,51.55740428,0.12543179,3.286635928,5.685109214,0.0,0.490359125,7.008277201,0.752726301,2.232513175,6.103966388,43.50799995,7.474311214,0.997565874,2.182971866,0.186279021,0.350916477,10.61365562
CHEMBL583271,1,-0.363454623,14.56010533,20.89036018,14.99835797,10.95526998,8.023310692,1.22279671,67.94544139,0.175592761,3.139009049,5.694858684,25.91832285,0.36785113,7.009362572,0.751051256,2.244736009,17.99086139,0.0,5.693100626,1.824536962,2.194765711,0.126416125,0.35549886,-0.914743856
CHEMBL3780603,1,-0.475402031,14.64331958,26.52389366,9.778515705,10.93739013,35.00041837,1.043829909,22.91825565,0.178256094,3.254481151,5.676388003,14.97686957,0.414266427,7.008272183,0.751682963,2.225520646,6.227901171,30.60244139,7.587482738,0.256011616,2.175732875,0.244353164,0.627033725,-2.400260322
CHEMBL5647438,1,-0.503228263,13.65123177,20.87283435,0.0,10.97152873,8.03878965,1.251463299,83.10702894,0.012757759,3.277704004,5.710385086,0.0,0.321401267,7.008283444,0.720616213,2.254077678,0.0,0.0,5.289055861,0.987137838,2.205243115,0.037977071,0.045360921,-1.63854587
CHEMBL4290495,1,-0.522188894,13.650693,24.44173142,0.0,10.31911834,16.01326236,0.300345418,75.98649581,0.104905167,4.043956658,5.685493966,0.0,1.020644161,7.014214482,0.756125039,2.234037008,21.82314406,24.26546827,7.285720713,0.645330504,2.183683406,0.275899815,0.233728155,-1.260332891
CHEMBL2332800,1,-0.424391313,14.75112786,20.897633,9.476340119,10.94912067,8.022036485,1.321129201,98.94416516,0.121784111,3.18317734,5.688666175,29.86173661,0.23570226,7.008273586,0.751861726,2.238140317,0.0,4.681802935,5.845896721,0.98714361,2.188246883,0.139132074,0.482307808,-7.843248476
CHEMBL2047174,1,-0.526879176,14.54371856,26.52703075,9.589074368,10.94536733,35.00344549,1.041300766,36.81018948,0.041666667,3.236341496,5.68840385,21.26715442,0.384900179,7.009365185,0.751220052,2.233616984,0.0,26.3716353,6.308553711,0.255068821,2.18233981,0.204730024,0.111111111,-11.24789113
CHEMBL3216379,1,-0.526392981,14.55119176,24.44047076,9.967957042,10.31320737,16.00441596,1.198833191,116.8775424,0.073352191,3.313626608,5.668874478,20.60153425,0.564720323,3.516799196,0.774896407,2.214674614,0.0,14.21959508,8.025817804,0.653438002,2.165625324,0.145304718,0.226804606,-26.19700964
CHEMBL3218067,1,-0.426330136,14.56141817,20.91725003,4.794537184,10.93708141,8.022033658,1.330229939,47.67109373,0.207772941,3.269843066,5.676148311,14.53505669,0.473755876,7.008273231,0.751864024,2.22538675,0.0,0.0,7.67156841,0.987933825,2.175577586,0.26211143,0.68406628,-2.460592484
CHEMBL574585,1,-0.363492821,14.56011558,20.89141008,14.99835797,10.95526986,8.023316745,1.124629392,68.44835697,0.315852296,4.025026745,5.694858573,25.91832285,0.501024148,7.009364212,0.751051256,2.244735908,12.08368166,0.0,6.345965254,1.85569002,2.194765607,0.689226079,0.489139048,5.999225053
CHEMBL3234398,1,-0.485733826,13.64320733,22.45819965,0.0,10.94542371,17.00314881,1.278334713,48.1740093,0.033667196,3.317667937,5.686208343,0.0,0.886893446,7.008274487,0.741336551,2.231119437,5.969305288,0.0,7.489674067,0.773076312,2.179841716,0.128885931,0.082397958,2.197521107
CHEMBL3234400,1,-0.524943266,13.64327496,22.45936902,0.0,10.94542057,17.00417202,1.277755141,48.1740093,0.03125,3.322527872,5.686208029,0.0,0.974027117,7.008274095,0.741335085,2.231090917,5.969305288,0.0,7.610759964,0.773071026,2.179808605,0.13848949,0.074074074,-3.331811372
CHEMBL3234396,1,-0.485752358,13.64320645,22.45820013,0.0,10.94542301,17.00314881,1.278329009,48.1740093,0.033667196,3.317583929,5.686208142,0.0,0.886893446,7.008274487,0.741338345,2.23111387,5.969305288,0.0,7.49406516,0.773076302,2.179835996,0.128885931,0.082397958,2.197521107
CHEMBL3218056,1,-0.42605974,14.56108284,20.90052576,4.794537184,10.94911817,8.022028005,1.23469913,73.83276956,0.174118788,3.279769761,5.688629783,9.551078169,0.365376409,7.008271755,0.751867626,2.237590704,0.0,0.0,7.297934886,0.987934837,2.187997797,0.217587797,0.469747501,-3.969113335
CHEMBL4171660,1,-0.364478139,14.54262006,20.88283685,9.589074368,11.00238301,8.024730093,1.074085709,189.2213205,0.730327772,4.037566773,5.742014189,15.95036581,2.677505943,7.009385495,0.751241748,2.291518302,12.20793278,0.0,6.513230111,0.993033229,2.241608111,1.788720715,0.730327772,20.39009289
CHEMBL5185601,1,-0.529232522,13.65178182,20.91712289,4.794537184,10.94663936,8.037813897,1.093700327,103.4154459,0.225203857,4.116860938,5.686105995,0.0,2.693830857,7.011592576,0.740374802,2.234430594,111.9359448,45.90370304,7.445472316,0.993035652,2.18473184,0.606015633,0.494922096,0.624228201
CHEMBL477929,1,-0.378333039,13.63804145,20.8775773,4.794537184,10.97854779,8.023294191,1.061275799,79.56443736,0.160739085,4.04854013,5.718106648,0.0,1.627351203,7.009906822,0.752675466,2.267037377,17.4368629,0.0,6.139884552,0.992023206,2.217237155,0.683765998,0.174830916,8.422952061
CHEMBL1784381,1,-0.408100353,14.55826139,20.89540356,67.12352058,10.95442786,8.041791568,1.193903071,115.8403311,0.032075015,3.241424536,5.694103896,71.93376722,3.15851786,7.022633143,0.750846347,2.244066541,229.221252,113.4166817,6.056051895,0.987144994,2.194075331,0.022680461,0.102062073,-81.72473404
CHEMBL1075910,1,-0.524800658,13.65045574,20.92758512,4.794537184,10.93251781,8.036401716,1.154710224,18.05064018,0.143113566,3.308617067,5.671378857,0.0,0.738684484,7.010485732,0.74009603,2.215437901,65.32182875,12.13273414,8.319342301,0.993939215,2.166493159,0.221303859,0.396277398,8.222111503
CHEMBL3585716,1,-0.527566528,13.64429006,26.52493651,4.794537184,10.93615668,35.0014269,1.042657637,21.68168759,0.118417954,3.288091818,5.676738901,0.0,0.720423976,7.009366742,0.741361524,2.224696951,11.75255023,36.40785545,7.687653386,0.255073894,2.174433849,0.230989696,0.444260915,4.490323415
CHEMBL4289543,1,-0.516382506,13.63854917,20.89622924,9.589074368,10.95335323,8.023834278,1.143494844,73.14361574,0.074440254,4.023593135,5.692629154,0.0,0.676712047,7.009357498,0.751699274,2.239527009,11.20210162,6.076020107,6.52649486,0.987187221,2.190091461,0.207335636,0.143570196,-2.655373161
CHEMBL3581982,1,-0.528470567,13.63787582,20.91975906,4.794537184,10.94587616,8.022976355,1.184430804,51.55740428,0.12543179,3.286884332,5.685221139,0.0,0.462175462,7.008277201,0.752726426,2.232711738,6.103966388,60.66367068,7.490407256,0.997565909,2.183156771,0.18665837,0.350916477,10.61365562
CHEMBL560418,1,-0.517112988,13.6430142,20.92542106,0.0,10.92718262,8.029064946,1.190550233,67.08201962,0.051633288,4.023223151,5.66668495,0.0,0.895180189,7.008295803,0.741530272,2.215299081,11.5703561,25.12283841,7.674675554,0.987623228,2.165544064,0.151209467,0.140200187,7.373802123
CHEMBL3260503,1,-0.491837179,14.54995809,22.45711238,33.56176029,10.93177343,17.00214378,1.130019752,137.7151501,0.167802368,4.024063111,5.67122261,42.53430883,2.892706132,7.017242432,0.7403557,2.220079475,254.2097897,6.9237372,8.559809575,0.773075392,2.170287405,0.373805173,0.4087087,4.180630995
CHEMBL3954538,1,-0.471927306,17.4247729,24.44046264,4.899909731,10.31321966,16.00441304,1.136028616,20.7712116,0.459571823,4.020614833,5.697691034,10.63357721,0.328532853,8.001919664,0.545849153,2.245176211,6.093240071,12.13273414,6.382767341,0.653457367,2.195755933,0.518563383,0.961984848,-26.06369846
CHEMBL4171880,1,-0.364328362,14.54273351,20.88081573,9.589074368,11.00238301,8.024714512,1.074085709,157.1172124,0.730327772,4.037547659,5.74201419,15.95036581,2.677505943,7.009383387,0.751241755,2.291518306,12.20793278,0.0,6.50578406,0.993033229,2.241608114,1.788720715,0.730327772,20.39118096
CHEMBL582884,1,-0.477671562,14.54335377,26.52493617,4.899909731,10.3380878,35.00142652,0.622269164,31.7085359,0.214482501,4.017069294,5.693833057,4.899909731,0.575577765,7.009375694,0.73954786,2.237289525,29.07930981,32.90394574,5.872909729,0.255079892,2.185560555,0.377468489,0.222222222,-4.243459374
CHEMBL176,1,-0.39310667,14.5421823,20.78867537,0.0,11.05804729,8.022262211,1.145085438,6.420821623,0.097739201,3.198570129,5.795237391,0.0,1.178929554,6.007927876,0.76769474,2.340197088,98.28999623,0.0,5.030437921,1.978041067,2.291270059,0.24521089,0.136082763,14.41364197
CHEMBL3585717,1,-0.527567056,13.6442933,26.52598058,4.794537184,10.93536865,35.0024355,1.041988535,21.68168759,0.115195026,3.289047697,5.676717863,0.0,0.825922837,7.009367097,0.741361225,2.223739855,11.75255023,36.40785545,7.744542741,0.2550722,2.173134934,0.262523044,0.431775089,4.633568972
CHEMBL1197031|CHEMBL559133,1,-0.369516248,14.54425215,20.85770676,4.899909731,10.9919234,8.007254431,1.185045793,180.7888366,0.243908426,3.158981388,5.730900258,15.53348694,0.469416097,6.003666215,0.787166175,2.280042294,0.0,5.57310453,4.882801923,0.99305285,2.230256038,0.430605363,0.343013034,-4.699058406
CHEMBL1784382,1,-0.408086798,14.55826139,20.8954036,67.12352058,10.95442786,8.041791568,1.191868593,115.8403311,0.032075015,3.241460395,5.694103896,71.93376722,3.165831887,7.022633143,0.750846346,2.244066541,229.221252,113.4166817,6.053705509,0.987144994,2.194075331,0.022680461,0.102062073,-81.72473404
CHEMBL3585709,1,-0.458586311,13.64369576,26.52598087,4.794537184,10.93532376,35.0024357,1.04265748,21.48489166,0.12283236,3.288423953,5.675871524,0.0,0.887090643,7.009369577,0.741395104,2.223729114,11.75255023,30.34148838,7.804353378,0.255073894,2.17349865,0.283181991,0.428968963,10.09219768
CHEMBL5559683,1,-0.517357702,14.55724697,24.44071097,0.0,10.31171392,16.00450334,0.610186959,10.57107519,0.084431199,3.241303379,5.671369222,4.983978521,0.24759976,7.008283818,0.720455638,2.218375133,0.0,12.26321064,7.254227571,0.650329479,2.168928152,0.122113063,0.206930271,-5.379330141
CHEMBL517946,1,-0.315850733,13.6243773,20.9156202,0.0,10.93920983,8.007311926,1.169853167,55.71819979,0.12094973,3.254973788,5.678785923,0.0,0.39413408,6.003871616,0.787131562,2.227894903,0.0,12.13273414,6.955175458,0.993561405,2.178055072,0.197291443,0.22565901,8.275215497
CHEMBL4061190,1,-0.498515399,14.56013532,20.93749285,9.589074368,10.93616576,8.030043128,1.2523533,16.95130748,0.292583956,3.24165756,5.675680483,35.55346981,0.871785024,7.010468939,0.740813368,2.225343295,35.90918723,12.39368714,8.165591295,0.997559652,2.175506647,0.282128801,0.960997721,1.819552356
CHEMBL1645435,1,-0.529644113,14.55239259,20.92217688,14.76249423,10.93642938,8.023946187,1.183118002,111.7235049,0.078934466,4.023679662,5.672602225,25.91832285,1.256042061,7.009372682,0.750446425,2.218400762,6.041840829,14.21959508,7.937349584,0.987152863,2.169389917,0.139318214,0.247193875,-17.84603535
CHEMBL3916211,1,-0.472551932,17.42477148,20.88407123,4.899909731,10.96005338,9.004067201,1.136028654,0.0,0.459571823,4.020034978,5.697691036,0.0,0.328532853,8.001918501,0.545853527,2.245176218,6.093240071,12.13273414,6.277700262,1.972061466,2.195755939,0.520601742,0.961984848,-16.40358774
CHEMBL3585711,1,-0.458586816,13.64369842,26.52702508,4.794537184,10.93460655,35.00344437,1.041825318,21.48489166,0.119609432,3.289404888,5.675852427,0.0,0.992589503,7.009369933,0.741394795,2.222874746,11.75255023,30.34148838,7.855132771,0.255071355,2.172334305,0.31471534,0.416483137,10.22879775
CHEMBL253548,1,-0.403457652,14.55040014,20.92910818,9.883888252,10.92469798,8.01043746,1.085297334,76.32296585,0.460181291,4.041518659,5.663542814,19.7677765,0.968992059,6.002563806,0.778631819,2.212551127,5.601050811,0.0,8.482370418,1.837108215,2.162796001,0.93263566,0.889761831,-9.855062254
CHEMBL4063535,1,-0.43492924,14.56035749,24.44073996,28.7672231,10.31102746,16.00450968,0.609793993,79.31430695,0.500652368,3.246967906,5.676101621,41.11899971,1.076903381,7.013770148,0.750863198,2.221243457,71.69412335,18.72100722,7.511392224,0.650312172,2.166701874,0.512197207,1.047767842,8.079644533
CHEMBL579255,1,-0.34722758,17.42581485,20.92969361,0.0,10.93023712,9.005167204,1.244726322,22.60826052,0.204611817,3.271508587,5.669577699,9.967957042,0.393471272,8.002960127,0.545238281,2.219123854,11.63444168,0.0,8.148461481,2.751968293,2.16923371,0.249577241,0.617984686,5.021783195
CHEMBL2021564|CHEMBL3085547,1,-0.369516248,14.54425215,20.85770676,4.899909731,10.9919234,8.007254431,1.185045793,180.7888366,0.243908426,3.158981388,5.730900258,15.53348694,0.469416097,6.003666215,0.787166175,2.280042294,0.0,5.57310453,4.882801923,0.99305285,2.230256038,0.430605363,0.343013034,-4.699058406
CHEMBL1089785,1,-0.395655439,13.63692595,20.95832591,4.794537184,10.90148341,8.022159608,1.370444385,22.25380597,0.13946461,3.291201238,5.641177563,0.0,0.317106007,7.008275005,0.752736317,2.191136702,0.0,48.55024262,8.440129895,2.734397056,2.141143911,0.129973996,0.420103454,10.33934214
CHEMBL1784380,1,-0.408085723,14.5582671,20.89557971,67.12352058,10.95442785,8.041804251,1.191868058,122.2611527,0.032075015,3.241574075,5.694103884,71.93376722,3.125974169,7.022636104,0.750846349,2.244066529,229.221252,113.4166817,6.065382769,0.987143928,2.19407532,0.022680461,0.102062073,-81.58671135
CHEMBL577244,1,-0.477669134,14.54335133,24.43422675,4.899909731,10.33808864,16.0020028,0.622273326,31.7085359,0.225724182,4.01706427,5.694832884,4.899909731,0.373413408,7.009372745,0.739549429,2.243874625,23.705437,20.7712116,5.462771922,0.654940939,2.193481892,0.297803156,0.268728739,-7.078484507
CHEMBL3907241,1,-0.471927016,17.42477325,20.88535603,14.67842544,10.96005338,9.004071614,1.136028637,10.35798868,0.484417023,4.020044384,5.697691033,10.30076712,0.446383983,8.00192086,0.545846576,2.245176206,12.19720646,30.46231185,6.498282149,1.975009655,2.19575593,0.530985983,1.06404692,-25.1862886
CHEMBL4065614,1,-0.434929676,14.56374602,20.93181197,34.17650671,10.93703275,8.028600805,1.251428945,51.91628019,0.266103237,3.24172037,5.67610162,46.43578831,0.940820618,7.01377499,0.750863189,2.225343291,71.69412335,67.25194377,7.383205475,0.995922938,2.17553266,0.265577414,0.843643696,3.919639194
CHEMBL1336959,1,-0.403015127,14.54954075,24.43743719,4.794537184,10.32922294,16.00475341,0.609720443,5.563451492,0.196796007,3.278768859,5.683197934,3.956661108,0.293217604,7.00827758,0.748951702,2.221350269,0.0,3.956661108,7.38217298,0.654729153,2.16681575,0.281882505,0.401706119,-6.72354512
CHEMBL261152,1,-0.519574753,13.63888453,20.90651052,9.589074368,10.94131122,8.024076432,1.074556674,79.65766413,0.710483282,4.039760194,5.680607177,0.0,1.330415152,7.009671016,0.752406058,2.227789928,11.35056264,0.0,7.168459513,0.988212434,2.178285706,1.243037815,0.776784913,9.182498701
CHEMBL364597,1,-0.462288895,14.56507284,24.4342337,10.00179021,10.3376736,17.00110342,0.626703938,16.2487126,0.059587835,3.139411149,5.700664837,10.63675986,0.11785113,7.008270397,0.715750466,2.242824907,5.907179729,6.066367068,5.768125664,0.656206011,2.189151513,0.109623675,0.234708048,12.41584555
CHEMBL3581985,1,-0.51606482,13.63750636,20.92236659,4.794537184,10.94407424,8.022665972,1.184432157,45.13658265,0.129729028,3.286596756,5.683451983,0.0,0.490359125,7.008277173,0.752716147,2.231080586,11.88721133,42.47422252,7.616222014,1.973349515,2.18151034,0.173815454,0.369645216,13.69073694
CHEMBL3581980,1,-0.529405267,13.63787535,20.91976358,4.794537184,10.94577844,8.022975733,1.184431793,51.55740428,0.12543179,3.286635928,5.685109214,0.0,0.490359125,7.008277201,0.752726301,2.232513175,6.103966388,43.50799995,7.474311214,0.997565874,2.182971866,0.186279021,0.350916477,10.61365562
CHEMBL184732,1,-0.529258298,14.5650743,24.43423352,10.00179021,10.33767293,16.00200301,0.626703819,16.2487126,0.059587835,3.139426607,5.700108682,10.63675986,0.11785113,7.008270751,0.715748012,2.243534692,5.907179729,7.109797541,5.814503597,0.656209884,2.190769291,0.089466866,0.234708048,8.285295428
CHEMBL1641935,1,-0.306127674,13.62434956,26.52597389,0.0,10.93485409,35.00243399,1.042559884,0.0,0.044889595,3.254762907,5.676829104,0.0,0.366430784,6.003862984,0.786633626,2.223103578,0.0,30.33183534,6.477380933,0.255070014,2.172295066,0.171597302,0.123596937,7.454980652
CHEMBL3926286,1,-0.47192875,17.42477319,20.8844412,9.694446915,10.96005338,9.004072173,1.13602864,10.5547846,0.474786339,4.020043499,5.697691035,10.47345186,0.446383983,8.001920741,0.545845792,2.245176216,18.10438619,12.13273414,6.475143769,1.975009892,2.195755937,0.532381941,1.045318181,-21.89139571
CHEMBL476496,1,-0.377395882,14.54796813,20.90834698,9.589074368,10.9443872,8.023824005,1.219575251,50.89458072,0.045819974,3.277914486,5.683040491,4.983978521,0.367893672,7.009373141,0.748877787,2.230508119,11.34251184,24.28477435,7.221127941,0.987561965,2.181092114,0.059788096,0.138888889,5.09260781
CHEMBL454064,1,-0.370621588,13.63688533,20.9216196,4.794537184,10.93304977,8.022153161,1.066734469,79.56443736,0.157240957,4.119674772,5.67263911,0.0,1.97637194,7.00827224,0.752418531,2.221819995,0.0,6.076020107,7.33628566,0.994890168,2.171970517,0.640454303,0.224567792,9.592800534
CHEMBL5170400,1,-0.516447131,13.64611989,20.87047936,9.589074368,10.97634455,8.032302978,1.182815203,90.89733387,0.134708283,4.019043659,5.715746207,0.0,0.29449805,7.010449526,0.740272213,2.263434314,29.42687272,6.076020107,5.605802066,0.98778414,2.213872303,0.156416939,0.491207738,-8.317780195
CHEMBL3234304,1,-0.458343941,17.43122586,20.92172567,9.694446915,10.93372726,9.014481384,1.19171876,85.01463201,0.164073325,4.023757507,5.669631083,29.67426431,1.738898282,8.007949729,0.526829337,2.213236335,34.51851802,0.0,8.39777953,0.987164299,2.164607374,0.247810662,0.477883424,-11.3773706
CHEMBL507870,1,-0.491838174,14.55237455,24.43867291,38.12680857,10.45269911,17.00214633,0.292579411,168.9618881,0.165011231,4.028306406,5.669251475,53.16788604,2.88641454,7.017095403,0.741034826,2.115077333,268.6671512,13.8474744,8.636125566,0.535207783,1.994621775,0.38105943,0.398514066,0.967914697
CHEMBL126,1,-0.47192112,17.42477195,20.88395673,9.694446915,10.96005571,9.004068869,1.246815856,6.9237372,0.129900537,3.205549317,5.697709799,5.316788604,0.328532853,8.001919739,0.545850206,2.245229537,12.19720646,12.13273414,6.007737669,0.99595183,2.195799418,0.119665192,0.389925437,-26.92098316
CHEMBL185719,1,-0.462289161,14.56507401,24.43423431,10.00179021,10.33767333,17.00214109,0.626703079,16.2487126,0.055866318,3.177954848,5.70048938,10.63675986,0.284517797,7.008270583,0.715750337,2.240863966,5.907179729,12.13273414,5.858825613,0.656199804,2.186508474,0.1281232,0.219416097,12.67360226
CHEMBL2376552,1,-0.524368129,14.54907582,32.5170694,0.0,10.43480313,53.00126334,1.004569354,22.60826052,0.197168784,3.272736449,5.669546363,9.967957042,0.511322403,6.002809272,0.775949934,2.216990097,0.0,13.17616461,8.29049842,0.151455017,2.139783899,0.36329318,0.587400783,6.272757811
CHEMBL1641934,1,-0.525270127,14.54787139,26.52703784,0.0,10.93463865,35.00344285,1.037574748,0.0,0.224968324,3.308147783,5.67619499,4.983978521,0.477541895,3.524652914,0.750617189,2.221554687,0.0,0.0,7.656991997,0.254948975,2.170792092,0.481200243,0.515439826,1.913075118
CHEMBL3581986,1,-0.528469834,13.63787683,20.92254672,4.794537184,10.94405344,8.022978057,1.184431106,45.13658265,0.12543179,3.286906271,5.68343693,0.0,0.462175462,7.008277721,0.752702845,2.231129288,11.88721133,54.60695665,7.662453123,0.997566707,2.181546387,0.183054023,0.350916477,10.74413403
CHEMBL463109,1,-0.522211217,13.62748329,20.9149541,0.0,10.93913281,8.010914893,1.127654129,62.64193699,0.133662838,4.023010181,5.678685939,0.0,0.629965346,6.003868999,0.778434186,2.227649086,0.0,12.13273414,7.284585117,0.992041267,2.177833255,0.282824307,0.246213981,6.915122318
CHEMBL3898208,1,-0.485291193,17.42477307,20.88423297,14.4889841,10.96005338,9.004072638,1.136028637,6.9237372,0.459571823,4.020042445,5.697691035,5.316788604,0.328532853,8.001921612,0.545843175,2.245176216,36.49779428,12.13273414,6.375982623,0.995950876,2.195755937,0.518563383,0.961984848,-27.40084575
CHEMBL3581979,1,-0.516097885,13.63750545,20.91958849,4.794537184,10.94578226,8.022664416,1.184431854,51.55740428,0.129729028,3.286574967,5.685113344,0.0,0.490359125,7.008276653,0.752739811,2.232518457,6.103966388,36.39820241,7.451060193,1.895277704,2.182977034,0.177977396,0.369645216,13.61910448
CHEMBL5639193,1,-0.50187764,13.65146144,20.8748928,4.794537184,10.97072225,8.03900503,1.234416175,121.1290431,0.012757759,3.282803028,5.709574579,0.0,0.460696041,7.009366758,0.720598654,2.25324599,11.54349237,0.0,5.759394555,0.987143612,2.204414158,0.036321668,0.045360921,-1.626837653
CHEMBL1173035,1,-0.410059139,14.54086776,20.94914707,9.589074368,10.90440803,8.02439489,1.161110305,62.41830853,0.10821461,3.345402937,5.643944718,5.316788604,0.98643123,7.009368123,0.751947751,2.192801178,23.41996811,20.03777625,8.582271118,0.993463365,2.143003509,0.266312421,0.253226567,12.33850117
CHEMBL5647384,1,-0.501878228,13.65146289,20.87526382,4.794537184,10.97067345,8.039006797,1.23440788,121.6319587,0.012757759,3.282842111,5.70952717,0.0,0.460696041,7.0093672,0.720597779,2.253207938,11.54349237,0.0,5.866910594,0.987136608,2.204374505,0.036321668,0.045360921,-1.635742494
CHEMBL2296995,1,-0.406262399,14.64186798,24.44045985,5.425791397,10.31322374,16.00441176,1.197873416,5.563451492,0.083679477,3.124679411,5.693558652,15.64248973,0.11785113,6.002806191,0.78748606,2.242292129,0.0,30.48006885,5.286371296,0.653468536,2.192555653,0.056410957,0.185395406,-4.7518288
CHEMBL1806812,1,-0.300816413,13.62467302,24.44073173,0.0,10.31128637,17.00317149,0.604617572,0.0,0.322716442,3.268779007,5.690099735,0.0,0.560469343,6.003956772,0.784260374,2.234768825,0.0,6.066367068,6.326401007,0.653049273,2.181033187,0.503183326,0.349104563,8.242779752
CHEMBL3950543,1,-0.478044843,17.42477365,20.90293479,14.59435665,10.9454217,9.004073356,1.200361623,52.52086516,0.247691597,4.017079638,5.684286404,10.21669833,0.518211384,8.001922263,0.545846105,2.233169635,23.61547811,17.03264387,6.875522593,0.989512149,2.183415561,0.362191971,0.535057239,-22.95700275
CHEMBL495863,1,-0.370622765,13.63700415,20.9210307,4.794537184,10.93305549,8.022258837,1.066368452,79.56443736,0.165135486,4.119676392,5.672644751,0.0,1.97637194,7.008273271,0.752408407,2.221825065,0.0,6.076020107,7.327780538,0.994890168,2.171975687,0.663460646,0.224567792,12.20054577
CHEMBL2296996,1,-0.406313165,14.64187943,24.44046016,5.425791397,10.31322323,16.00441187,1.197873065,12.48718869,0.083679477,3.142493992,5.692362586,15.64248973,0.23570226,6.002806448,0.78748531,2.240914388,0.0,12.13273414,5.306409536,0.653466245,2.191226336,0.054262338,0.185395406,-4.806658409
CHEMBL2376551,1,-0.346782183,14.54907207,32.51706911,0.0,10.43480313,53.00126325,1.004569354,22.60826052,0.2008903,3.272220978,5.669587242,9.967957042,0.393471272,6.002808909,0.787482557,2.217051485,0.0,12.13273414,8.215346692,0.151455017,2.139788391,0.357285184,0.602692735,9.25188109
CHEMBL3912085,1,-0.362933993,14.64198105,24.44188642,5.425791397,10.31113274,16.00556835,0.604851227,23.05826388,0.275840374,3.212267576,5.686472077,9.967957042,0.359116756,3.049233079,0.958992205,2.235302455,0.0,22.67357176,7.371351707,0.650123996,2.184677533,0.315441717,0.544106277,5.140320321
CHEMBL3944152,1,-0.471923865,17.42477213,20.88415196,9.694446915,10.96005338,9.004069294,1.136028647,6.9237372,0.459571823,4.020038272,5.697691036,5.316788604,0.328532853,8.001919904,0.545849673,2.245176221,12.19720646,12.13273414,6.343111246,0.995951399,2.195755941,0.518563383,0.961984848,-23.6969192
CHEMBL506416,1,-0.40346006,14.55040501,20.92924739,9.883888252,10.92443969,8.010909706,1.085297333,76.32296585,0.456459774,4.041523849,5.663255511,19.7677765,0.968992059,6.003758264,0.778583287,2.212020721,5.601050811,6.066367068,8.559881443,1.837108215,2.162304335,0.938276862,0.87446988,-7.732786597
CHEMBL3935184,1,-0.471932686,17.4312114,20.89902063,9.694446915,10.94974747,9.014456165,1.136028617,15.92144017,0.487349601,4.022903436,5.689189863,5.316788604,0.879396685,8.007936781,0.526852978,2.238462701,35.66135704,12.13273414,6.547860872,1.975009471,2.188607611,0.546341161,1.045318181,-22.09703427
CHEMBL449492,1,-0.483659324,14.75111318,20.76494065,0.0,11.07427582,8.05450221,1.37984713,11.51833249,0.100228522,3.243363856,5.8031137,24.54494801,0.287863364,8.001935857,0.669127863,2.340170856,4.923311049,13.12058077,5.773386271,0.995956122,2.29325905,0.104818994,0.386488649,-12.3808575
CHEMBL1080027,1,-0.524800658,13.65045574,20.92758512,4.794537184,10.93251781,8.036401716,1.154710224,18.05064018,0.143113566,3.308617067,5.671378857,0.0,0.738684484,7.010485732,0.74009603,2.215437901,65.32182875,12.13273414,8.319342301,0.993939215,2.166493159,0.221303859,0.396277398,8.222111503
CHEMBL2297001,1,-0.406260941,14.64186549,24.44045973,5.425791397,10.31322388,16.00441163,1.197873592,5.563451492,0.087976714,3.124599801,5.694298206,15.64248973,0.11785113,3.056525511,0.961115919,2.243714099,0.0,6.21460058,5.057041667,0.653468638,2.193860596,0.046469368,0.204124145,-6.161388791
CHEMBL2297230,1,-0.40627424,14.64187973,24.44046163,5.425791397,10.31322118,16.00441228,1.197871927,11.12690298,0.120051729,3.180004582,5.686358688,15.64248973,0.253933894,3.047985314,0.960393077,2.235062712,0.0,0.0,6.367543755,0.653466862,2.185385696,0.060025865,0.306186218,-1.634318831
CHEMBL5201393,1,-0.510218263,13.6530397,20.93176578,0.0,10.94383828,8.039222812,1.150959305,61.07565775,0.233444393,4.032770091,5.68341361,0.0,2.1653132,7.011614454,0.739032809,2.232522498,71.14431296,6.066367068,7.825794481,0.991064923,2.182682464,0.3473017,0.808345983,18.62269339
CHEMBL3581978,1,-0.516097885,13.63750545,20.91958849,4.794537184,10.94578226,8.022664416,1.184431854,51.55740428,0.129729028,3.286574967,5.685113344,0.0,0.490359125,7.008276653,0.752739811,2.232518457,6.103966388,36.39820241,7.451060193,1.895277704,2.182977034,0.177977396,0.369645216,13.61910448
CHEMBL5646880,1,-0.501878331,13.65146289,20.87514914,4.794537184,10.97071528,8.039006796,1.229543316,121.6319587,0.012757759,3.282838643,5.709567861,0.0,0.460696041,7.0093672,0.720597771,2.253240926,11.54349237,0.0,5.818691013,0.987136608,2.204408815,0.036321668,0.045360921,-1.635742494
CHEMBL5641905,1,-0.501879154,13.65146434,20.87536477,4.794537184,10.97071465,8.039008565,1.229493057,122.1348743,0.012757759,3.282872718,5.709567261,0.0,0.460696041,7.009367643,0.720596888,2.253240517,11.54349237,0.0,5.839278083,0.987131392,2.204408374,0.036321668,0.045360921,-1.64392532
CHEMBL5647619,1,-0.501878975,13.65146434,20.87550142,4.794537184,10.97066612,8.039008565,1.234185487,122.1348743,0.012757759,3.282876547,5.70952062,0.0,0.460696041,7.009367643,0.72059689,2.253205959,11.54349237,0.0,5.856950529,0.987131393,2.204371833,0.036321668,0.045360921,-1.64392532
CHEMBL3260501,1,-0.491838119,14.54999389,22.45833032,33.56176029,10.93177334,17.00317754,1.13001947,110.6715779,0.223357924,4.024078075,5.671222525,42.53430883,2.976039465,7.017260364,0.740355679,2.220079379,260.7545461,24.26546827,8.689472304,0.773072989,2.170287308,0.452721845,0.575375367,13.01428609
CHEMBL575430,1,-0.477670966,17.4247714,24.43422698,4.899909731,10.33808849,16.00200308,0.622271496,31.7085359,0.217705429,4.017067541,5.69342401,4.899909731,0.457152626,8.00192029,0.545855414,2.241195556,34.89653065,20.7712116,5.733846813,0.654940858,2.191058495,0.308031288,0.234708048,-6.020897903
CHEMBL5175684,1,-0.494037644,13.64590858,20.90380259,9.589074368,10.96358426,8.032064966,1.093701842,94.41774291,0.178181383,4.116804944,5.703149524,0.0,2.033370698,7.010460464,0.740337591,2.252064246,22.40033704,0.0,7.107425474,0.993025064,2.202275623,0.501489917,0.394005619,3.467580169
CHEMBL2297002,1,-0.406312812,14.64187846,24.44046064,5.425791397,10.3132232,17.00110347,1.197871511,12.48718869,0.083679477,3.142493992,5.692927938,15.64248973,0.23570226,3.048057242,0.960319359,2.240484446,0.0,0.0,5.306409536,0.653459671,2.189838391,0.073336778,0.185395406,-5.904551906
CHEMBL5181944,1,-0.516423642,13.6458739,20.87044072,9.589074368,10.97634459,8.032024191,1.182815424,90.89733387,0.134708283,4.019042817,5.715746227,0.0,0.29449805,7.01046247,0.740560934,2.263434147,35.84769434,6.076020107,5.560681631,0.987844108,2.213872176,0.156416939,0.491207738,-2.791547726
CHEMBL5564995,1,-0.490713184,14.64178227,26.52498567,4.794537184,10.95446345,35.00142893,1.037741622,16.05191667,0.227019469,3.268608365,5.693610592,9.992891045,0.614436429,7.008271543,0.751694658,2.241960914,0.0,60.14570818,6.806621927,0.254948549,2.191754193,0.43719582,0.432437897,-1.306064233
CHEMBL3948842,1,-0.362933879,14.6419812,26.523894,5.425791397,10.31113276,35.00041829,0.604850691,17.49481239,0.275840374,3.212267576,5.692143113,9.967957042,0.359116756,3.049231257,0.958992206,2.238520739,0.0,11.33678588,7.371351707,0.256007125,2.186240092,0.342218411,0.544106277,5.612380019
CHEMBL3987031,1,-0.472474044,17.42477334,24.44629332,4.899909731,10.3005508,17.00111065,0.298670673,0.0,0.700299336,4.043913643,5.697691037,4.722094864,0.676994566,8.001921837,0.545844036,2.245176213,28.03771845,12.13273414,6.514805279,0.642964604,2.195755914,0.824862133,1.138761543,-21.15317347
CHEMBL501768,1,-0.385610858,14.64203463,24.44071927,5.425791397,10.31176197,16.00450648,0.604979078,105.2477239,0.500559012,4.030750824,5.694104638,14.95193556,1.189007728,3.055259285,0.958603204,2.236949536,0.0,5.57310453,8.132821238,0.653174288,2.187577291,0.995794892,0.736647587,3.841600685
CHEMBL1081282,1,-0.486854769,13.64301351,26.52493514,0.0,10.94777678,35.00142703,1.014446765,82.64423428,0.087539735,4.031575653,5.687318941,0.0,1.603243782,7.008274798,0.74140299,2.236132207,5.601050811,12.13273414,6.487684018,0.253918098,2.186341354,0.340192801,0.16718494,1.456135436
CHEMBL4752819,1,-0.433881538,17.42477395,20.92662679,4.983978521,10.925412,9.004069981,1.134542523,25.32883194,0.65932189,4.02578358,5.663084411,14.95193556,0.532570382,8.001920058,0.545858811,2.210839059,0.0,18.46005421,8.830805677,0.988001334,2.161367218,0.803636304,1.170812792,-7.143346689
CHEMBL2296997,1,-0.406320877,14.64196775,24.44046041,15.54010967,10.31322294,16.00441212,1.197872614,12.48718869,0.083679477,3.152052396,5.691960987,15.64248973,0.402368927,8.001935949,0.669227456,2.240375834,4.923311049,19.05647134,5.525950823,0.653465916,2.19076659,0.055728627,0.185395406,-2.518116976
CHEMBL455243,1,-0.469946016,14.64205526,20.89327634,0.0,10.95908308,8.022768179,1.087620946,105.2477239,0.436912409,4.030750824,5.694082035,14.95193556,1.189007728,3.525235696,0.748465441,2.2378928,0.0,5.57310453,8.132821238,0.988334877,2.18948774,0.925428939,0.736647587,-0.980141712
CHEMBL502459,1,-0.462077041,14.55040435,20.92970497,14.67842544,10.92448146,8.02896211,1.085960102,76.82588142,0.341470336,4.038375426,5.663299736,19.7677765,0.92037021,7.008278537,0.741277799,2.212094392,5.601050811,0.0,8.631613635,0.99594199,2.162373945,0.723120474,0.648503941,-11.8259946
CHEMBL5276104,1,-0.399422462,14.75109595,20.89986313,0.0,10.94752286,7.226294731,1.321141191,43.13750955,0.110045525,3.085951524,5.687186579,24.96182688,0.0,4.005301617,0.872713583,2.237142277,0.0,0.0,6.073332511,0.995935049,2.187153532,0.082780704,0.469913203,3.608915532
CHEMBL500612,1,-0.646532614,14.56113343,20.92940409,4.899909731,10.92469744,8.012528111,1.085953195,69.90214422,0.349808482,4.038368479,5.663537507,14.78379798,0.922992806,8.001921198,0.760254289,2.212518562,5.601050811,6.196843572,8.522140309,1.837108215,2.162772379,0.728035685,0.661504701,-5.391228907
CHEMBL500236,1,-0.517856347,14.75112061,20.89125719,0.0,10.95338324,8.054523697,1.379845908,17.08178398,0.1280063,3.243483893,5.692995542,24.54494801,0.287863364,8.00193683,0.669125472,2.242369639,4.923311049,22.36948335,6.408219847,0.995022784,2.192481861,0.143225596,0.469821982,-8.923534543
CHEMBL3581984,1,-0.51606482,13.63750636,20.92236659,4.794537184,10.94407424,8.022665972,1.184432157,45.13658265,0.129729028,3.286596756,5.683451983,0.0,0.490359125,7.008277173,0.752716147,2.231080586,11.88721133,42.47422252,7.616222014,1.973349515,2.18151034,0.173815454,0.369645216,13.69073694
CHEMBL2296999,1,-0.406261876,14.64186701,24.44046033,5.425791397,10.3132237,17.00110338,1.197871859,5.563451492,0.083679477,3.124679411,5.694149535,15.64248973,0.11785113,3.056525997,0.96111591,2.241838455,0.0,6.21460058,5.286371296,0.653461927,2.191094905,0.075485397,0.185395406,-5.780428588
CHEMBL4592694,1,-0.490743832,17.42582892,20.8934988,28.7672231,10.95389324,9.005206835,1.212127389,102.881607,0.431026348,3.211906654,5.693054697,30.650095,1.023545375,8.002983613,0.545238281,2.242057171,95.90475229,0.0,6.246106765,0.993038264,2.192246729,0.439097597,0.596855707,-31.08433012
CHEMBL4779615,1,-0.430932304,17.42689304,20.92653081,4.983978521,10.92521797,9.006390832,1.156820942,18.40509474,0.172448325,4.019001577,5.66272007,14.95193556,0.612222584,8.003994236,0.543573364,2.210178551,17.3032015,25.50772619,8.857305002,0.995958176,2.160757734,0.280071045,0.448056913,-12.66364455
CHEMBL516894,1,-0.48366191,14.75113532,20.8508291,4.983978521,10.99253165,8.054454272,1.379872528,5.824404498,0.119726248,3.243494041,5.726619114,29.52892653,0.371196697,8.001936286,0.669128938,2.270008861,4.923311049,28.56632693,6.627131571,0.995955088,2.221638636,0.118522455,0.47325877,-11.90701686
CHEMBL476060,1,-0.517865937,14.75112061,20.89124535,0.0,10.95340514,8.054523695,1.379845913,17.08178398,0.1280063,3.243478947,5.693020959,24.54494801,0.287863364,8.00193683,0.669125474,2.24241945,4.923311049,22.36948335,6.399842077,0.99502277,2.19252734,0.143225596,0.469821982,-8.923534543
CHEMBL4776790,1,-0.432140742,17.42586579,20.9251985,0.0,10.92552234,9.005363883,1.179895643,6.420821623,0.449099462,3.342564617,5.663049725,29.465925,0.808958221,8.003005903,0.543573364,2.210526209,11.63444168,30.15360059,9.038958755,0.995402658,2.161100558,0.583685014,0.938723145,-26.79934809
CHEMBL508930,1,-0.489163612,13.64235899,20.9345734,14.38361155,10.92880118,8.027475903,1.052394594,79.15951951,0.308841744,4.179465067,5.668238766,0.0,2.863527225,7.010467355,0.751946786,2.216353534,69.53691463,6.9237372,8.892366604,0.993468563,2.166692515,0.765180742,0.740338609,17.84128262
CHEMBL2204380,1,-0.503236173,13.65123003,20.86251515,0.0,10.98019311,8.038787269,1.317384672,82.95856792,0.014731391,3.235609511,5.718935862,0.0,0.19245009,7.008283216,0.720624443,2.261782363,0.0,6.066367068,4.997845519,0.98714361,2.213103133,0.033435477,0.055555556,-1.626837653
CHEMBL4756520,1,-0.430485256,17.42581753,20.92633235,4.983978521,10.925412,9.005160784,1.157658981,18.90801031,0.247065844,4.019002023,5.66308445,14.95193556,0.43050831,8.002903118,0.545101861,2.210839155,5.668759819,18.46005421,8.80914193,0.988001552,2.161367299,0.324509714,0.629433819,-11.31502279
CHEMBL1384,1,-0.391728805,14.5410971,20.78866598,0.0,11.05804709,8.023074621,1.145087457,6.420821623,0.097739201,3.198570129,5.79523826,0.0,1.178929554,6.008992282,0.767631913,2.340203261,98.35212179,0.0,5.030437921,1.97804119,2.291274404,0.241802723,0.136082763,13.12919783
CHEMBL5435888,1,-0.401999293,13.64111474,26.52389311,19.17814874,10.88496342,35.00041827,1.043344364,25.32883194,0.072542725,3.368580256,5.624243917,0.0,1.086398664,7.011551365,0.749993726,2.170351025,33.21418523,13.8474744,9.368489632,0.256012442,2.120959333,0.205021424,0.183314435,9.468273013
CHEMBL4784028,1,-0.497766333,17.42586478,20.92508355,0.0,10.92552293,9.005363255,1.134542516,12.84164325,0.649263649,4.025784866,5.663054965,19.93591408,0.714284657,8.003005444,0.543573364,2.210544071,11.63444168,25.6382027,8.847499134,0.995532422,2.161114383,0.800033752,1.150423523,-18.67748674
CHEMBL501116,1,-0.489385992,13.64183126,20.93452497,14.38361155,10.92882032,8.026990277,1.075408402,79.15951951,0.316592134,4.124771208,5.668260549,0.0,1.856134738,7.010463941,0.751946789,2.216391249,46.17475971,38.9703128,8.862828674,0.993466225,2.166727742,0.761067711,0.729521182,15.128819
CHEMBL36506,1,-0.496764166,14.54077076,20.91889049,4.794537184,10.93191761,8.040966677,1.132906693,49.17984046,0.080327814,4.023030467,5.670954065,0.0,1.22683295,7.010475241,0.720242036,2.217196492,59.26588093,20.7712116,7.970613547,0.991064893,2.167900741,0.202376049,0.208241569,-0.718839105
CHEMBL389847,1,-0.409557992,14.55791387,24.43424175,24.69280489,10.33749766,16.0020054,0.623601299,26.68911765,0.718398266,3.292055235,5.745165777,25.3333064,0.920729274,7.011557491,0.741302472,2.277235322,17.99117772,11.82364693,5.860786223,0.659361538,2.219784113,1.06771444,1.198941161,-18.64527767
CHEMBL4171623,1,-0.399922901,14.58644404,20.89540898,99.57922221,10.95442807,8.039558692,1.224576321,140.9036211,0.143878414,3.197622734,5.694105153,95.285316,1.269382107,7.022695844,0.750880163,2.244070106,192.3853833,30.33183534,6.299867942,0.995913215,2.194078219,0.167795565,0.281214565,-33.33789038
CHEMBL4162491,1,-0.400518091,14.58683386,20.89544856,99.57922221,10.95442807,8.039570578,1.224482543,121.6411563,0.47928861,3.216222697,5.694105154,94.03467938,1.581278232,7.022694252,0.750867104,2.244070107,235.5195277,30.33183534,6.588238483,0.995914264,2.19407822,0.607976617,0.818672044,-43.979064
CHEMBL4161017,1,-0.39994283,14.58644404,20.89540897,99.57922221,10.95442807,8.039558692,1.224606723,140.9036211,0.143878414,3.197343851,5.694105153,95.285316,1.269382107,7.022695844,0.750888588,2.244070106,198.3449378,30.33183534,6.279459071,0.995913215,2.194078219,0.167795565,0.281214565,-33.33789038
CHEMBL3764224,1,-0.490742061,17.42582821,20.89345423,28.7672231,10.95389326,9.005205218,1.221351774,84.1220577,0.328964275,3.211737781,5.693054625,30.650095,1.023545375,8.002983034,0.545238281,2.242056864,95.90475229,6.076020107,6.272405197,0.987731398,2.192246493,0.366928813,0.494793635,-33.75205285
CHEMBL1730,1,-0.491427101,14.5579798,24.44090385,19.28352128,10.31186685,16.00488932,0.610219971,12.61766519,0.439142962,3.270967882,5.736933598,15.20067686,0.611604057,7.011549627,0.740333615,2.278750027,35.16868368,0.0,5.933570569,0.650205241,2.225203811,0.566614443,0.784000886,-6.67307745
CHEMBL148,1,-0.39175596,14.55241467,24.43423439,10.20382079,10.33761893,16.00200317,0.626528351,13.34455882,0.386393048,3.273837613,5.750610563,10.21669833,0.533836717,7.009373062,0.741423723,2.281578894,17.99117772,6.9237372,4.59511985,0.656191057,2.224150818,0.625016031,0.773999733,-2.894426953
CHEMBL4168288,1,-0.365235652,14.58742156,20.89575598,104.4791319,10.95442802,8.039612535,1.224529307,147.3244428,0.159315242,3.173987304,5.6941051,100.6021046,1.224926598,7.022708645,0.750911155,2.244070052,186.4258287,35.23174507,6.309008774,0.995910804,2.194078165,0.183769103,0.293700392,-37.33433754
CHEMBL4164425,1,-0.365529997,14.57776547,20.89637568,92.74718953,10.95442798,8.038201267,1.224436332,140.9036211,0.541035923,3.187096032,5.694105062,94.03467938,1.364172488,7.021573383,0.750947619,2.24407002,162.0166848,17.03264387,6.449680221,0.995908211,2.194078131,0.667035029,0.868615349,-45.691579
CHEMBL4163914,1,-0.364756772,14.58528745,20.89505261,94.78468503,10.95442813,8.038168096,1.248268136,140.9036211,0.032075015,3.162738239,5.694105206,90.38540627,1.227326838,7.021577121,0.750851283,2.244070161,180.4363627,30.33183534,6.121395717,0.995914988,2.194078273,0.022680461,0.102062073,-26.27797012
CHEMBL4172757,1,-0.365529883,14.58017274,20.8962525,98.05110059,10.95442799,8.039550757,1.224439078,147.3244428,0.413795696,3.183540128,5.694105073,94.45155825,1.317757191,7.022687262,0.750946807,2.244070029,174.210025,29.165378,6.401087665,0.99590905,2.194078141,0.505946387,0.67697703,-40.74675955
CHEMBL4176131,1,-0.36549654,14.58742156,20.89575598,104.4791319,10.95442802,8.039612535,1.224559664,147.3244428,0.159315242,3.173414963,5.6941051,100.6021046,1.224926598,7.022708645,0.750893542,2.244070052,186.4258287,35.23174507,6.28692876,0.995910804,2.194078165,0.183769103,0.293700392,-37.33433754
CHEMBL4175069,1,-0.365543385,14.59081396,20.89695885,119.1788611,10.95442787,8.039788113,1.224436273,147.3244428,0.541035923,3.189515449,5.694104948,115.3018338,1.364172488,7.022745571,0.750947618,2.244069899,173.8310442,38.96519747,6.601909236,0.995904677,2.194078012,0.667035029,0.868615349,-60.1040004
